Movie Name,Genres
Broken Heart,"Drama, History, Comedy"
Fading Nights,"Romance, Biography, Action"
Beyond the Shattered Frontier,"Sport, Sci-Fi, Action, Horror"
The Last Heart,"Drama, Comedy, Family, Documentary"
Savage Rise Rising,"War, History, Drama, Family, Comedy"
Beyond the Endless Sky,"Comedy, Adventure, Romance"
Return of the Hidden Star,"War, Animation, Horror, Sport"
Rising Heart Rising,"Horror, History, Romance, Documentary, War"
The Last Sky,"Crime, Adventure, Romance, Sport, Documentary"
The Last Empire,"Crime, Mystery, Western, Family, War"
The Warrior of Secret Echo,"Sci-Fi, Sport, Musical, Family, Animation"
Whisper: A New Beginning,"Drama, Fantasy, Horror"
The Last Prophecy,"Biography, Sci-Fi, History, Action"
Bright Heart,"Musical, Horror, War, Action"
Return of the Roaring Mountain,"Thriller, Biography, Mystery, Fantasy, Animation"
The Path of Silent Rise,"Western, Action, Drama, Animation"
Return of the Secret Journey,"Comedy, Western, Documentary"
Beyond the Crimson Warrior,"Sci-Fi, Biography, Musical"
Fire: A New Beginning,"Animation, War, Biography, Sport, Drama"
Empire: A New Beginning,"History, Romance, Sport, Action, Comedy"
The Forgotten Empire,"Biography, Romance, Sci-Fi"
Frontier and the Rising Circle,"Western, Romance, Documentary, Musical, Mystery"
Final Reckoning,"War, Adventure, Drama, Sport"
The Last Storm,"History, War, Fantasy"
Restless Echo,"History, Action, Comedy, Romance, Horror"
The Last Odyssey,"Horror, Family, Action"
The Last Vengeance,"History, Western, Fantasy, Mystery, Thriller"
Throne: A New Beginning,"Crime, Adventure, Sport, Western, Horror"
The Roaring Shadows,"Comedy, Romance, Family, Drama, Sport"
Golden Nights,"Sport, Documentary, Biography, Crime, Sci-Fi"
Night: A New Beginning,"Thriller, War, Crime"
Silent Vengeance,"History, Mystery, Biography"
Return of the Crimson Alliance,"Thriller, Horror, War, Documentary"
Shadow Nights,"Drama, Fantasy, Sci-Fi, Documentary, Biography"
Beyond the Frozen Heart,"Crime, Mystery, Sci-Fi"
Beyond the Quiet Road,"Musical, Sci-Fi, Adventure, Action, Crime"
The Ocean of Restless Echo,"Musical, History, Action, Drama, Comedy"
The Kingdom of Silver Throne,"Fantasy, Musical, Documentary, Adventure, Thriller"
Golden Alliance Rising,"Drama, Animation, History, Musical, Fantasy"
Mountain: A New Beginning,"Crime, Musical, Romance"
Return of the Burning Storm,"Romance, Mystery, War, Animation"
Return of the Forgotten Star,"Crime, Sci-Fi, Comedy, Sport"
Roaring Guardian Rising,"Drama, Sci-Fi, Horror"
Wild Nights,"Animation, Crime, Musical, Biography"
Midnight Circle,"Musical, Action, Biography"
Beyond the Shattered Legend,"Crime, Documentary, Drama, Thriller, Biography"
The Last Guardian,"Mystery, Musical, Family"
The Secret of Scarlet Echo,"Thriller, Documentary, Mystery"
The Last Rise,"War, Mystery, Biography, Western"
The Chase of Roaring Sky,"Crime, Comedy, Romance, Thriller, History"
Legacy: A New Beginning,"Documentary, Comedy, War, Musical"
Shattered Nights,"Fantasy, Action, Drama"
The Last Mountain,"History, Romance, Drama"
Vengeance and the Crimson Echo,"Crime, War, Biography, Musical, Sport"
The Awakening of Wild Night,"Sci-Fi, Biography, Western, Romance, Documentary"
Chase and the Dark Heart,"Crime, History, Comedy, Fantasy"
The Prophecy of Frozen River,"Musical, Documentary, Crime"
Beyond the Bold Escape,"Family, Sport, Action, Documentary"
Alliance and the Silent Prophecy,"History, Documentary, Romance, Western"
Reckoning: A New Beginning,"Crime, Family, Horror, War"
The Legacy of Scarlet Throne,"Action, Comedy, Musical, Fantasy, War"
The Road of Midnight Voyage,"War, Crime, Sport"
The Last Escape,"Action, History, Adventure, Animation"
Kingdom: A New Beginning,"Action, Fantasy, Romance"
The Dream of Iron River,"Sci-Fi, Animation, Horror, Drama"
The Storm of Velvet Legacy,"Sport, Family, Documentary, Mystery"
Velvet Sky,"Thriller, Drama, Adventure, Animation, Musical"
Dark Whisper Rising,"Western, Drama, Musical, Animation"
Reckoning and the Frozen Path,"Sci-Fi, History, Western, War, Musical"
Sacred Nights,"War, Romance, Documentary, Family"
Broken Realm Rising,"Mystery, Animation, Sci-Fi, Crime"
Return of the Sacred Echo,"Comedy, Romance, Musical"
Night and the Vanishing Realm,"Action, Comedy, Thriller, Romance"
The Last Secret,"History, Biography, Animation, Musical"
Beyond the Radiant Alliance,"Sci-Fi, Romance, Drama, Mystery"
Eternal Frontier Rising,"Western, Sci-Fi, Biography"
Endless Nights,"Animation, Horror, Thriller"
The Bright Warrior,"History, Thriller, Fantasy"
Horizon and the Final Chase,"Western, War, Crime, Horror"
The Wild Odyssey,"Western, Comedy, Adventure, Fantasy"
The Secret of Hidden Night,"History, Musical, Romance"
Beyond the Midnight Awakening,"Musical, Thriller, Adventure, Drama, Mystery"
Shadows: A New Beginning,"History, Comedy, Horror"
The Distant Awakening,"Romance, Thriller, Sport"
Star and the Dark Sky,"Mystery, Musical, Drama, Romance, Fantasy"
Return of the Frozen Empire,"Documentary, Sport, Thriller, War"
Bold Secret,"History, Western, War, Comedy, Adventure"
Forgotten Circle,"Sci-Fi, Sport, Adventure, Horror, Western"
Beyond the Restless Heart,"Western, Comedy, Documentary, Animation"
The Last Voyage,"Musical, Western, Thriller, Family"
Beyond the Golden Vengeance,"Crime, Drama, Family, Biography"
The Bright Vengeance,"Biography, Animation, Western"
River and the Lost Echo,"Thriller, War, Western"
Broken Sky,"History, Action, Documentary, Musical"
Forgotten Dream,"Fantasy, Western, Thriller, Biography, Sci-Fi"
Beyond the Frozen Prophecy,"Fantasy, Comedy, Sci-Fi, Musical, Crime"
Beyond the Sacred Horizon,"Sport, Western, Fantasy, War, Documentary"
Radiant Echo Rising,"Crime, Mystery, Romance, Family"
The Last City,"Biography, Sport, Crime"
Restless Storm,"Fantasy, Musical, Documentary"
Fearless Road,"Family, Comedy, Crime, Documentary, History"
Kingdom and the Bright Night,"Thriller, Romance, Comedy, Musical, Drama"
Restless Ocean,"Crime, Adventure, Thriller"
Silver Reckoning Rising,"Musical, Sport, Horror, History, Biography"
Midnight Fall,"Fantasy, Romance, War, Sci-Fi, History"
Return of the Silent Vengeance,"Comedy, War, Animation"
Twisted Nights,"Thriller, Mystery, Family, Western"
Secret Prophecy,"Thriller, Documentary, Action, Family, Sci-Fi"
The Iron Journey,"Documentary, Animation, Romance"
Warrior: A New Beginning,"Adventure, Thriller, War, Documentary, Animation"
The Chase of Ancient Escape,"Mystery, Fantasy, History"
Shadow Whisper Rising,"Western, Thriller, Crime, Drama"
City and the Dark Guardian,"Animation, Comedy, Family, Action, Sci-Fi"
Beyond the Eternal Vengeance,"Family, Animation, Drama, Romance, Western"
The Vanishing Voyage,"War, Thriller, Musical, Drama, Fantasy"
The Golden Secret,"Romance, History, Fantasy"
The Last Legend,"Fantasy, Musical, Drama, Western, Sport"
Return of the Golden Legend,"Romance, Animation, Drama, Sport"
Beyond the Savage Journey,"Drama, War, Comedy"
Journey: A New Beginning,"Sport, Mystery, Comedy"
Beyond the Rising Throne,"Fantasy, Action, Sci-Fi, Documentary"
The Road of Whispering Dream,"Action, Fantasy, Documentary, Animation, Romance"
Ancient Nights,"Fantasy, Musical, Biography"
Dark Odyssey,"Sport, Drama, War, Biography, Romance"
The Lost Odyssey,"Drama, Western, War, Comedy, Biography"
Frozen Empire Rising,"Sport, History, Crime, Family, Thriller"
Rise and the Roaring Storm,"Drama, History, Mystery, Musical, War"
Rebellion: A New Beginning,"Drama, Crime, Musical, Sport"
Return of the Silver City,"Comedy, Documentary, Musical"
Silver Warrior,"History, Documentary, Crime, Drama, Musical"
Fading Journey Rising,"Animation, Drama, Biography, Mystery"
The Star of Final Alliance,"Animation, Drama, Sci-Fi, Romance, Musical"
Beyond the Vanishing Legacy,"Sci-Fi, Thriller, Crime"
Silent Mountain Rising,"Family, Comedy, Fantasy, Action, Sport"
Beyond the Rising Prophecy,"Horror, Animation, Thriller, Crime"
Hidden Nights,"Adventure, Comedy, Sci-Fi, War, Musical"
Escape and the Restless River,"Drama, Animation, Musical, Documentary, Thriller"
Quiet Nights,"Family, Adventure, Action"
River: A New Beginning,"Crime, Drama, Action, Western"
The Last Warrior,"Romance, Biography, History, Animation, Comedy"
The Last Reckoning,"Crime, Sport, Musical"
Scarlet Nights,"Family, Action, Crime"
The Legend of Hidden Reckoning,"Romance, Musical, Family"
Beyond the Hidden Guardian,"Crime, Horror, Comedy"
Beyond the Eternal Path,"Animation, Fantasy, Romance, Drama"
The Fire of Whispering Rise,"Comedy, Horror, Western"
Throne and the Iron Circle,"Documentary, Crime, Sport, Fantasy, War"
Fearless Awakening,"Adventure, Animation, Biography, Comedy, Thriller"
Kingdom and the Restless Legend,"Comedy, Documentary, Biography, Family"
Echo and the Velvet Awakening,"Mystery, Crime, Western, Biography, Fantasy"
The Restless Storm,"Horror, Adventure, Romance, War, Biography"
Beyond the Shadow Fall,"Thriller, Family, Musical, Crime"
Lost Nights,"Drama, History, Family, Thriller"
Return of the Frozen Rebellion,"Fantasy, Animation, Thriller, Family, Documentary"
Crimson Path Rising,"Animation, Action, Documentary, Thriller, Horror"
Realm: A New Beginning,"Fantasy, Comedy, Thriller"
Roaring Frontier,"Crime, Fantasy, Family, Sport, Horror"
The Awakening of Golden Escape,"Romance, War, Thriller, Sport"
Circle: A New Beginning,"Family, Biography, Sport, Musical"
The Rise of Crimson Road,"Western, Animation, History"
Shadow Dream,"Sci-Fi, War, Biography"
The Shadows of Forgotten Awakening,"Action, Musical, Adventure, Family"
Beyond the Silver Night,"Romance, Action, Crime, Drama"
Frozen Warrior Rising,"Fantasy, Western, War, Action"
Broken Road,"Documentary, Biography, Musical, Drama, Thriller"
Dream: A New Beginning,"Documentary, War, Comedy, Drama"
Legacy and the Bright Circle,"Fantasy, Thriller, Musical"
The Savage Night,"Comedy, Biography, Animation"
Shadow Frontier,"Action, Family, Western, Adventure, Sport"
Wild Legacy Rising,"Romance, Drama, Crime, Fantasy"
The Savage Frontier,"War, Western, Horror, Fantasy, Comedy"
Chase and the Golden Kingdom,"Adventure, Crime, Thriller"
Beyond the Scarlet Frontier,"Mystery, Thriller, Animation"
The Radiant Heart,"Family, War, Documentary, Crime"
The Realm of Silver Path,"Comedy, Musical, Documentary, Sport"
Whispering Nights,"Comedy, Crime, Thriller"
Return of the Restless Rise,"War, Animation, Documentary, Adventure, Sport"
The Last Whisper,"Documentary, War, Adventure"
The Night of Silver Legend,"Sport, Adventure, Fantasy, War"
Silver Awakening Rising,"Biography, Animation, Family"
Sacred Night Rising,"Horror, Western, Biography, Family, Drama"
Return of the Wild Awakening,"Western, Mystery, Drama, Fantasy"
Restless Mountain,"Crime, Animation, Comedy, Thriller, Biography"
The Legend of Roaring Star,"Mystery, Fantasy, Romance"
Legend and the Broken Circle,"War, History, Fantasy, Comedy"
Twisted Guardian,"Musical, Sport, Comedy, Fantasy"
Dark Awakening Rising,"Fantasy, History, Horror, Documentary"
The Last Journey,"Thriller, Horror, Sport"
Forgotten Alliance Rising,"Sci-Fi, Mystery, History"
Return of the Crimson Sky,"Comedy, Biography, Horror, Fantasy, History"
Radiant Nights,"Adventure, Sport, Sci-Fi"
Escape: A New Beginning,"History, Thriller, Sport, Western, Romance"
The Escape of Fearless Vengeance,"Crime, Fantasy, Documentary"
Savage Guardian Rising,"History, Drama, Crime, Romance, War"
Sacred Awakening,"Adventure, Thriller, Family"
Distant Nights,"Crime, Mystery, Horror, Western, War"
Realm and the Twisted Shadows,"Biography, War, Romance, Mystery"
Savage Nights,"Documentary, Western, Thriller, Action"
Fading Warrior,"Animation, Adventure, Family, Sport"
Vanishing Nights,"Comedy, Family, Biography, War"
Beyond the Sacred Fall,"Family, Animation, Crime"
Beyond the Silver City,"Family, Biography, Adventure, History, Sport"
The Odyssey of Shadow Vengeance,"Documentary, Biography, Fantasy"
Ancient Ocean Rising,"Thriller, Sport, Crime, Biography, Western"
Eternal Escape Rising,"Action, Western, Sci-Fi, Romance, Adventure"
Fearless Nights,"Documentary, Family, Fantasy, Romance, Adventure"
Eternal Nights,"Musical, Fantasy, Documentary, Mystery"
The Last Fall,"Fantasy, Biography, Mystery, Crime, Western"
Beyond the Midnight Voyage,"Crime, History, Animation, Sci-Fi, Western"
Heart: A New Beginning,"Thriller, Documentary, Mystery"
Odyssey and the Ancient Echo,"Sci-Fi, Thriller, Drama, Family, Biography"
Frozen Chase Rising,"Comedy, Animation, War, Sci-Fi, Western"
Frontier: A New Beginning,"Sci-Fi, Fantasy, Drama, Romance, Biography"
The Shadow Star,"Musical, Crime, Western"
Crimson Horizon,"Western, Documentary, Mystery, Thriller"
Endless Journey Rising,"History, Adventure, Horror"
The Last Kingdom,"Thriller, Adventure, Action"
Return of the Iron Rise,"War, History, Biography, Western"
The Vengeance of Sacred Fire,"Crime, Horror, War"
Return of the Whispering Horizon,"Mystery, Horror, Family, Musical, Crime"
Scarlet Storm,"Crime, Romance, Action, Sci-Fi"
The Last Awakening,"Sport, Documentary, Action, Sci-Fi"
Secret Journey Rising,"Horror, Family, Biography, Thriller"
Endless Legend,"Western, Fantasy, War"
Silver Nights,"Mystery, Romance, Comedy, Biography, War"
Beyond the Silver Empire,"History, Biography, Mystery"
Bright Nights,"War, Drama, Mystery, Western, Comedy"
Beyond the Restless Journey,"Musical, War, Adventure, Sport, Thriller"
The Scarlet Road,"Comedy, Adventure, Musical, Animation, Documentary"
Beyond the Lost Empire,"Musical, Horror, Fantasy, Documentary"
Midnight Awakening Rising,"History, Fantasy, Animation"
Whispering Frontier,"Romance, Action, Sport"
Return of the Bold Frontier,"Romance, Documentary, War, Animation"
The Fire of Eternal Kingdom,"Musical, Action, Romance, Mystery, Comedy"
Golden Awakening,"Adventure, Family, War, Romance, Mystery"
The Crimson Whisper,"Sport, Crime, Documentary, Romance, Thriller"
The Star of Distant Secret,"Adventure, History, Horror, Musical"
Beyond the Quiet Journey,"Crime, Musical, Sport, Fantasy, Thriller"
The Last Frontier,"Thriller, Fantasy, War"
The Vanishing Escape,"Fantasy, Family, Romance, Sci-Fi, Mystery"
Hidden Awakening Rising,"Mystery, Adventure, Sci-Fi, Family, Sport"
Shattered Throne,"Mystery, Crime, Thriller, Action"
Rising Nights,"Thriller, Family, War, Animation"
Return of the Wild Legend,"Drama, Western, Crime, Mystery"
Ancient Escape Rising,"Fantasy, Action, Sci-Fi"
Beyond the Velvet Throne,"Mystery, Crime, Romance"
The Last Night,"Crime, Sci-Fi, Western, History, War"
The Ocean of Crimson Frontier,"Horror, History, Adventure, Biography"
The Dark Journey,"Romance, Comedy, Fantasy"
The Rising Whisper,"Documentary, Western, Sport"
The Silent Frontier,"Action, Biography, Sci-Fi"
Beyond the Endless Legacy,"Drama, Documentary, Biography"
The Fire of Shadow Road,"Sci-Fi, Family, Comedy, Animation"
The Last Circle,"Comedy, Adventure, Documentary, Family"
The Last Echo,"Action, Horror, Comedy, Western, Musical"
Iron Storm Rising,"Mystery, Sport, Western"
Return of the Golden Empire,"Adventure, Horror, Crime, Action, Mystery"
Frozen Nights,"Sport, Romance, Family"
Beyond the Radiant Prophecy,"Animation, Adventure, Drama, Musical, Romance"
Radiant Rise,"Sci-Fi, War, Western"
Echo: A New Beginning,"Sport, Family, Comedy"
Return of the Frozen Prophecy,"Animation, Drama, Comedy, Action"
Return of the Restless Legend,"Comedy, Horror, Musical"
Echo and the Vanishing Escape,"Action, Comedy, Animation"
Beyond the Hidden Rise,"Thriller, Musical, Family"
Vanishing Night,"Family, Horror, Fantasy"
Return of the Twisted Heart,"Horror, Musical, Sci-Fi"
Return of the Secret Sky,"Mystery, War, Drama, Fantasy, Thriller"
The Scarlet Rebellion,"Crime, Musical, Fantasy, Thriller"
Shattered Odyssey Rising,"Crime, Thriller, Western, Romance"
Midnight Heart Rising,"Sport, Mystery, History"
The Legacy of Bold River,"Thriller, Comedy, Musical, Western"
The Night of Wild City,"Musical, Family, Comedy, War, Western"
Beyond the Golden Legend,"Comedy, Drama, Romance, Animation, Horror"
The Last Horizon,"Biography, Documentary, History"
Iron Nights,"War, Sport, Biography, Fantasy"
Broken Odyssey Rising,"Comedy, Drama, Fantasy, Animation"
Return of the Radiant Vengeance,"Animation, Western, Drama, War"
Empire and the Ancient Kingdom,"Drama, Action, Crime, Documentary, Horror"
Vanishing Reckoning Rising,"Horror, Documentary, Musical, Family"
The Shattered Awakening,"Action, Mystery, Sport, Sci-Fi"
Iron Storm,"Crime, Mystery, War, Drama"
Return of the Quiet Path,"Documentary, Family, Drama, Animation"
Bold Fall Rising,"Sport, Comedy, Fantasy, Crime, Drama"
The Prophecy of Distant Rise,"Sport, Family, Musical"
The Sky of Bright Mountain,"Horror, Western, Thriller, Fantasy, Documentary"
Restless Fall Rising,"Western, Fantasy, Mystery"
Awakening and the Distant Ocean,"Sport, Action, Romance"
Return of the Golden Heart,"Horror, War, Western, Biography"
Iron Dream,"History, Adventure, War, Mystery"
Alliance and the Wild Awakening,"Romance, Mystery, Animation"
Return of the Bright Ocean,"Sport, Sci-Fi, Biography, Drama"
The Journey of Sacred Warrior,"Fantasy, Romance, Documentary, Crime, Sport"
Return of the Distant Prophecy,"Comedy, Family, Biography, Sci-Fi, Animation"
Voyage and the Quiet Horizon,"Comedy, War, Animation, Documentary, Family"
Endless Rebellion Rising,"Sport, Western, Crime"
The Golden Storm,"Horror, War, Sport"
The Fading Fire,"Sci-Fi, Comedy, Animation"
Return of the Hidden Legend,"Thriller, Romance, Musical, Comedy"
Silent River,"Sport, Romance, Biography"
Horizon and the Silent Dream,"Fantasy, Western, Comedy, Romance"
Twisted Warrior Rising,"Fantasy, Comedy, Biography, Action, Horror"
River and the Savage Escape,"War, Mystery, Comedy, Drama, Fantasy"
Velvet Prophecy,"Fantasy, Romance, Sci-Fi, Comedy"
Rise: A New Beginning,"Thriller, Mystery, Biography, History, Sport"
Dark Nights,"Fantasy, Family, Musical, Animation"
Beyond the Whispering Odyssey,"Comedy, Action, Sci-Fi, Mystery, Adventure"
The Scarlet Whisper,"Biography, Musical, Sport, Family, Comedy"
Beyond the Bright Fall,"Thriller, Comedy, Biography"
The Secret Shadows,"Documentary, Adventure, Thriller, Horror"
Silent Warrior,"Animation, Biography, Sport, Sci-Fi"
The Warrior of Sacred Dream,"Crime, Musical, Sci-Fi"
Beyond the Dark Road,"Western, War, Biography"
Lost Realm Rising,"Horror, Sci-Fi, Drama, History"
Horizon: A New Beginning,"Adventure, Western, Animation"
Sacred Empire Rising,"Biography, Adventure, Horror"
Secret and the Endless Shadows,"War, Action, Animation, Mystery, Thriller"
Velvet Realm Rising,"Fantasy, Action, Musical"
The Forgotten Frontier,"Action, Crime, Documentary, Family, Thriller"
Rising Path,"Adventure, Fantasy, Sci-Fi, Comedy"
The Forgotten Path,"Comedy, Sport, Drama, Biography"
The Empire of Velvet Circle,"Musical, Fantasy, Romance"
Return of the Wild Voyage,"War, Sci-Fi, Romance, Comedy"
Burning Awakening,"Drama, History, Animation, Mystery"
Vengeance and the Twisted Dream,"Horror, Thriller, Adventure"
City: A New Beginning,"Family, Biography, Adventure, Thriller"
Return of the Whispering Legacy,"History, Romance, Drama, War, Documentary"
The Horizon of Lost Star,"Mystery, Family, Animation"
Velvet Throne,"Comedy, Mystery, War"
The Rebellion of Eternal Kingdom,"Adventure, Horror, Musical, Family"
Prophecy and the Broken Mountain,"Mystery, Horror, Sci-Fi, History"
Kingdom and the Frozen Chase,"Musical, History, Western, Adventure"
Sacred Prophecy,"Biography, Romance, History"
The Midnight Alliance,"Animation, Sport, Biography, Crime"
Forgotten Nights,"Biography, Animation, Romance, Horror"
Secret Night,"Adventure, Romance, Family, Animation, Horror"
The Throne of Ancient Alliance,"Action, Animation, Fantasy, Mystery, Western"
Beyond the Twisted Mountain,"Adventure, Romance, Sport"
The Shadow Odyssey,"Mystery, Fantasy, Crime, Horror, History"
The Broken City,"Biography, Animation, Comedy"
Scarlet Throne Rising,"Crime, Fantasy, Horror, Musical"
Mountain and the Ancient Fall,"Romance, Sport, Horror, Family"
Return of the Endless Warrior,"Sport, Family, Adventure, Horror, Crime"
Rebellion and the Frozen Night,"Crime, Horror, Comedy, Documentary"
Road and the Silent Night,"Comedy, Animation, Sci-Fi, Drama, Action"
The Midnight Awakening,"Western, Family, Animation, Sport"
Fearless Circle,"Comedy, Adventure, Thriller, Action"
Wild Storm Rising,"Family, Horror, Comedy"
Beyond the Hidden Rebellion,"Horror, Musical, Documentary, Adventure"
Radiant River,"History, Documentary, Sci-Fi, Thriller, Biography"
Beyond the Quiet City,"Musical, Comedy, Thriller"
Sky: A New Beginning,"Drama, Thriller, Family, Western"
Shadows and the Wild Prophecy,"Animation, Family, Documentary"
The Kingdom of Wild Awakening,"Sci-Fi, Romance, Documentary, Adventure"
The Shadows of Savage Frontier,"Sport, Romance, History, Adventure"
Secret Nights,"Adventure, Biography, Sport, Fantasy"
Return of the Ancient Empire,"Family, History, Crime, Sci-Fi, War"
The Velvet Path,"Fantasy, Documentary, Drama, History"
Final Nights,"Sci-Fi, Family, Western, History"
The Whispering Heart,"Documentary, Family, Adventure, Sport, Crime"
Odyssey: A New Beginning,"Crime, Thriller, Sport"
Return of the Quiet Storm,"War, Crime, Sci-Fi, Musical"
The Last Path,"Horror, Comedy, Thriller, Biography, Family"
The Circle of Broken Mountain,"Mystery, Adventure, Romance"
The Bold Journey,"Animation, War, Biography, Family"
Broken Night,"War, Horror, Western, Animation, Biography"
The Shadows of Endless Legacy,"Adventure, Horror, Mystery, Romance"
The Silent Odyssey,"Action, Romance, Sci-Fi, Thriller, History"
The Last Alliance,"War, Thriller, Biography"
Beyond the Silver Echo,"Drama, Western, Comedy, Crime, Sci-Fi"
Sacred Road Rising,"Biography, Romance, Adventure"
Road and the Endless Guardian,"Adventure, Sport, Mystery, Crime"
Beyond the Twisted Ocean,"Drama, Western, Fantasy, Sci-Fi"
Beyond the Whispering Rebellion,"Romance, Thriller, Musical, Crime"
Wild Throne Rising,"Western, Adventure, Comedy"
Whisper and the Shattered Prophecy,"Thriller, Musical, Adventure, Fantasy, Biography"
The Mountain of Hidden Realm,"Horror, Crime, Adventure, Action"
River and the Sacred Circle,"Western, Comedy, Fantasy"
Beyond the Shattered Legacy,"Romance, Documentary, Animation, Thriller, Fantasy"
Midnight Whisper,"Comedy, Adventure, Thriller"
Return of the Bold Path,"Fantasy, Crime, Western, Animation"
Guardian: A New Beginning,"Fantasy, Mystery, Action"
Roaring Nights,"Adventure, Family, Sci-Fi, Documentary, Biography"
Broken Journey,"Family, Drama, History, Sci-Fi"
River and the Frozen Secret,"Drama, Biography, Sci-Fi, Fantasy"
Final Realm,"Sci-Fi, Biography, Mystery"
Distant Chase Rising,"Western, Mystery, Documentary, Crime, Romance"
The Silent Shadows,"Western, Fantasy, Comedy, Biography, History"
Wild Star,"War, Adventure, Drama, Horror"
The Endless Legend,"Drama, Documentary, Adventure, Action, Fantasy"
The Alliance of Restless Fall,"Comedy, Animation, Crime, Horror"
Scarlet Guardian,"Western, Musical, Horror, Drama"
The Ocean of Final Escape,"Western, Sport, War, Horror, Family"
Broken Warrior Rising,"Musical, War, Adventure"
Wild Voyage,"Sport, Documentary, Romance, Crime, Drama"
The Fall of Lost Horizon,"Horror, Biography, Western, History, Documentary"
Quiet Voyage,"Adventure, Biography, Romance, Family"
The Last Shadows,"War, Comedy, Western, Documentary, Crime"
Quiet Legacy,"Adventure, History, Sport, Action"
Twisted Whisper,"War, Crime, Animation, Adventure, Romance"
Echo and the Radiant Legend,"War, Drama, Sport, Romance, Action"
Savage Sky Rising,"Animation, Drama, Adventure, Horror, Western"
The Storm of Wild Fall,"Mystery, Drama, Family"
Throne and the Bold Warrior,"Action, Biography, Adventure, Musical"
The Storm of Midnight Rise,"Crime, Biography, Family, Musical, Romance"
Return of the Scarlet Rebellion,"Fantasy, Musical, Biography"
Return of the Vanishing Voyage,"Mystery, Documentary, Thriller"
Crimson Mountain Rising,"Crime, Drama, Animation, Western, Musical"
Beyond the Endless Reckoning,"Action, Family, Fantasy"
The Lost Fire,"Sci-Fi, Fantasy, Adventure, Thriller"
Vanishing Star,"Biography, Thriller, Adventure"
The Silent Road,"Romance, Animation, History, Mystery"
Awakening: A New Beginning,"Horror, Biography, Drama"
Return of the Crimson Ocean,"Crime, War, Fantasy"
The Frozen Voyage,"Thriller, Western, History, Animation, Comedy"
Shadow Star Rising,"Biography, Horror, Musical"
Beyond the Bright Guardian,"Mystery, Crime, Sport"
Endless River Rising,"Action, Drama, Animation, War, Romance"
Midnight Road,"Biography, Animation, Documentary"
Beyond the Restless Realm,"Mystery, Crime, Biography, Comedy, Drama"
The Frontier of Silent Sky,"Mystery, Documentary, Musical"
Rising Frontier,"Fantasy, Action, War, Crime, Adventure"
Dark Journey,"Comedy, Sport, Romance, Sci-Fi, Musical"
Broken Prophecy Rising,"Documentary, Comedy, Adventure"
Savage Whisper,"Thriller, Comedy, Documentary, War, Family"
The Legend of Silent Echo,"Fantasy, Drama, Adventure, Action, Family"
Beyond the Vanishing Shadows,"Animation, Mystery, Musical, Biography, Fantasy"
The Star of Wild Fire,"Horror, Sport, Adventure"
Beyond the Bold Echo,"Comedy, Sci-Fi, Drama, Mystery, Western"
Savage Warrior Rising,"Documentary, Comedy, Mystery, Crime"
Rebellion and the Restless Throne,"Sport, Documentary, Animation"
Fading Ocean Rising,"Romance, Musical, Sci-Fi"
Crimson Rebellion Rising,"Animation, Thriller, Western, Drama"
The Heart of Crimson Frontier,"Sci-Fi, Comedy, Sport"
The Roaring Sky,"Family, Sport, Mystery, Adventure, Sci-Fi"
Beyond the Bright Odyssey,"Romance, Sport, Thriller, Fantasy"
Whisper and the Roaring Guardian,"Biography, Action, Romance, Horror"
Beyond the Crimson Awakening,"Sport, Fantasy, Western, Animation, Adventure"
Star: A New Beginning,"Romance, Adventure, Mystery, Biography"
Midnight Odyssey Rising,"Crime, Drama, Biography"
Return of the Wild Throne,"Family, Documentary, Animation"
Rise and the Fearless Whisper,"War, Horror, Romance"
Roaring Heart,"Horror, Animation, Drama"
River and the Fearless Ocean,"Musical, Action, Romance, Adventure, Fantasy"
Velvet Nights,"Adventure, Sport, Fantasy, Documentary, Horror"
Return of the Whispering Path,"Action, Thriller, Comedy, Mystery, War"
The Last Throne,"Biography, Sci-Fi, Horror, Crime, War"
Beyond the Roaring Escape,"Horror, Western, Adventure"
Beyond the Roaring Dream,"Fantasy, History, Action, Musical, Biography"
Golden Path Rising,"Family, Animation, Drama, Musical"
The Odyssey of Forgotten Shadows,"Documentary, History, Musical, Sci-Fi"
Shadow Horizon,"Crime, Musical, Animation, Drama, Fantasy"
The Last Road,"Sport, Animation, Sci-Fi, Family"
The Echo of Vanishing Odyssey,"Thriller, Sport, Animation, Family"
The Star of Restless Ocean,"Mystery, Biography, Family"
Vanishing Fall Rising,"Action, Comedy, Fantasy, Western"
The Last Chase,"Western, War, Action, Mystery, Thriller"
The Burning Shadows,"Family, Documentary, Mystery, Biography"
The Dark Shadows,"History, Sport, Animation, Documentary, Sci-Fi"
Vengeance: A New Beginning,"Sci-Fi, Horror, Musical"
Beyond the Final Echo,"Crime, Drama, Biography, Sci-Fi"
Beyond the Iron Road,"Western, Romance, Crime, War, Biography"
Broken Nights,"Family, Romance, Sport"
Distant Alliance Rising,"Sci-Fi, Romance, Thriller"
Scarlet Rebellion,"Western, Crime, Animation"
Night and the Shattered Road,"Romance, Mystery, Documentary"
Quiet Fall,"Western, Animation, Crime"
Heart and the Iron Mountain,"Sci-Fi, Family, Romance, Fantasy, Adventure"
Beyond the Fading Odyssey,"Animation, Family, Horror, War, Drama"
Beyond the Bold Voyage,"Mystery, Family, Drama, Crime, Animation"
The Reckoning of Rising Escape,"Animation, Documentary, Family, Sci-Fi, War"
The Warrior of Iron Star,"Sci-Fi, Romance, History"
The Last Fire,"Action, Horror, Musical, Western"
The Frontier of Ancient Realm,"Sci-Fi, History, Adventure, Family"
Burning Journey,"Drama, War, Crime, Sci-Fi"
Silver Echo Rising,"Action, Musical, Drama, Animation"
The Alliance of Ancient Whisper,"War, Comedy, Family, Thriller"
Ocean and the Frozen Escape,"Documentary, Sport, Family, Comedy, Biography"
The Star of Ancient Voyage,"Thriller, Sci-Fi, Family, Sport, War"
Velvet Path Rising,"Horror, Action, Fantasy"
Beyond the Lost Legacy,"Drama, Sci-Fi, Fantasy"
Midnight Secret,"Thriller, War, Fantasy, History, Horror"
The Golden Alliance,"History, Sci-Fi, Documentary, War"
The Mountain of Velvet Rise,"Sport, Musical, Biography, Thriller"
Fearless Frontier Rising,"Thriller, Animation, Musical, Sci-Fi"
The Horizon of Silent Path,"Animation, Thriller, Western"
Beyond the Silent Realm,"Musical, Thriller, Romance"
The Vanishing Legend,"Musical, Family, Romance, Horror, Sport"
Fall: A New Beginning,"History, Sci-Fi, Musical, Mystery, Comedy"
The Chase of Eternal Sky,"Documentary, War, Sci-Fi, Western"
Beyond the Broken Mountain,"Fantasy, War, Action, Romance"
Frozen Horizon,"Musical, Thriller, Western, Animation"
Rebellion and the Golden City,"Sci-Fi, Family, Comedy"
Beyond the Fearless Mountain,"Action, Drama, Romance, Family"
Kingdom and the Secret Vengeance,"Drama, Biography, Mystery, Western, Family"
Return of the Ancient Ocean,"Drama, Sci-Fi, Western, Thriller, Mystery"
Lost River Rising,"Musical, Crime, Action, Horror, Sci-Fi"
The Velvet Odyssey,"Romance, Horror, Western"
Radiant Sky,"Fantasy, History, Drama, Documentary"
Voyage and the Forgotten Alliance,"Mystery, Action, Family, Animation"
The Kingdom of Quiet Awakening,"Thriller, History, Western, Mystery, Horror"
Beyond the Savage Voyage,"History, Horror, Comedy, Biography, Fantasy"
Road and the Endless Legend,"Action, Biography, Family, Horror"
The Silver Fall,"Comedy, History, Family, Mystery, Western"
Beyond the Frozen Fall,"Crime, Drama, Sport, Biography"
Golden Warrior,"Drama, Western, Mystery"
Golden Circle,"Documentary, Sport, Sci-Fi, Adventure, Animation"
Bold Sky,"Musical, Animation, Adventure, Sci-Fi, History"
Twisted Empire,"Drama, Romance, History"
Iron Alliance,"Horror, Documentary, History"
The Last Rebellion,"War, Animation, Crime, History, Sport"
Restless Awakening Rising,"Adventure, Thriller, Action, Biography, Fantasy"
Return of the Silent Secret,"Action, Sci-Fi, History, Biography"
Beyond the Iron Circle,"War, Animation, Fantasy"
The Legend of Velvet Night,"Sci-Fi, Thriller, Comedy"
Fearless Mountain Rising,"Documentary, Thriller, Adventure"
Midnight Nights,"Musical, Documentary, Drama, Romance"
Silent Nights,"Biography, Adventure, Crime, Fantasy"
Roaring Star Rising,"Family, War, Biography, Comedy, Romance"
Hidden Odyssey Rising,"Family, Sci-Fi, Comedy, Documentary, Musical"
The Odyssey of Vanishing Fire,"Family, Sport, Mystery, Biography"
Iron Shadows Rising,"Animation, Documentary, Mystery, Crime"
Broken Secret Rising,"War, Fantasy, Documentary, Adventure, Romance"
The Secret Fall,"Crime, Drama, Thriller"
Legacy and the Fearless River,"History, Mystery, Sport, Biography, Sci-Fi"
Beyond the Fearless Fall,"Sport, Biography, Adventure, Sci-Fi"
The Chase of Shattered Fall,"Adventure, War, Action, Comedy"
Return of the Midnight Star,"Drama, Crime, Western, Comedy, Horror"
The Secret Path,"Family, Horror, Action, Animation"
Beyond the Sacred Journey,"History, Sci-Fi, Romance"
The Guardian of Crimson Shadows,"Family, Biography, Romance, Musical, History"
Restless Frontier Rising,"Fantasy, Sport, History, Mystery, Documentary"
Return of the Shadow Warrior,"Sport, Horror, Crime, Comedy, Drama"
The City of Broken Voyage,"Musical, Thriller, War, Sci-Fi"
The Storm of Crimson Mountain,"Documentary, Sci-Fi, Romance"
Fearless Warrior,"Animation, Horror, Family, Western"
Ocean and the Crimson Star,"Musical, Action, Sci-Fi"
The Fall of Quiet Voyage,"Romance, Musical, Family, Adventure"
Restless Vengeance,"History, Family, Adventure, Sport, Documentary"
Return of the Bold Ocean,"Adventure, Biography, Fantasy, War, Sport"
Roaring Dream,"History, Fantasy, Family, Musical, Crime"
Mountain and the Broken Throne,"Mystery, War, Comedy, Sci-Fi, Crime"
The Shadows of Eternal Awakening,"Animation, Comedy, Biography, Family, Horror"
Iron City Rising,"Adventure, Musical, Thriller"
Return of the Restless Chase,"Mystery, Action, Sci-Fi"
The Bold Realm,"Documentary, Western, Romance"
Rise and the Hidden Night,"Sci-Fi, History, Mystery, Adventure, Horror"
The Alliance of Golden City,"Sport, Thriller, Crime"
Lost Storm,"Thriller, Sport, History"
The Throne of Silver Kingdom,"Thriller, Crime, Animation"
Return of the Fearless Warrior,"Biography, Musical, Documentary, Mystery"
Storm: A New Beginning,"Comedy, Western, Thriller, Musical, Crime"
Return of the Shadow Circle,"Sport, Western, Biography, Documentary, History"
The Chase of Shattered Horizon,"Action, War, Drama"
Vanishing Sky Rising,"Mystery, Thriller, Sci-Fi, Comedy, Sport"
Return of the Roaring Echo,"Crime, Documentary, Family"
Fearless Odyssey Rising,"Fantasy, War, History, Crime"
Journey and the Distant Secret,"Crime, History, Sport, Action, Mystery"
Return of the Broken Rebellion,"Horror, Sport, Family, Documentary, Drama"
Return of the Ancient Kingdom,"Western, Romance, Animation"
River and the Twisted Secret,"Drama, Animation, Adventure"
City and the Roaring Rebellion,"Biography, Thriller, Crime, Fantasy"
Shadow Warrior,"Family, Biography, Drama, Action"
Return of the Golden Rise,"Adventure, Drama, Biography, Thriller"
The Iron Secret,"Mystery, Thriller, Sci-Fi"
Beyond the Ancient Awakening,"Horror, Sci-Fi, Drama"
The Vanishing Whisper,"Animation, History, Crime, Sci-Fi, Fantasy"
Return of the Iron Night,"Documentary, Crime, History, War"
The Crimson Legacy,"Family, Adventure, Comedy"
Secret and the Savage Fire,"History, Comedy, War, Fantasy, Sport"
Vengeance and the Final Vengeance,"Romance, Documentary, Fantasy, Sci-Fi"
Scarlet Mountain Rising,"Western, Action, Comedy, Documentary"
Savage Odyssey,"Animation, Sport, Fantasy, Biography"
Twisted Frontier,"Musical, Romance, Sport, Horror, Western"
Velvet Rise,"Drama, War, Horror, Thriller, Family"
Final Rise,"Adventure, Comedy, Mystery, Fantasy"
Beyond the Endless Prophecy,"Mystery, Crime, Thriller"
The Journey of Silver Echo,"Action, History, Animation"
Endless Legacy,"Sport, Family, Crime, Documentary, Biography"
Fire and the Crimson Prophecy,"Musical, Fantasy, Thriller, Sport"
The Empire of Broken City,"Western, Musical, Fantasy, Comedy, History"
The Whisper of Fading Echo,"Family, Animation, Romance, Horror"
Beyond the Sacred Escape,"Adventure, Documentary, Western, Animation"
Velvet Odyssey,"Biography, Sci-Fi, War, Documentary, Comedy"
Beyond the Hidden Night,"Comedy, History, Thriller, Adventure, Crime"
Beyond the Silent Odyssey,"Sport, Crime, Musical, Animation"
Return of the Endless Ocean,"Thriller, Sport, Sci-Fi, Adventure, Western"
Burning Nights,"Documentary, Action, Thriller, Western, Comedy"
The Empire of Sacred Road,"Documentary, Sci-Fi, Sport"
Return of the Silent Dream,"Fantasy, War, Animation, Horror, Sci-Fi"
Hidden City Rising,"Family, Romance, War, Horror"
Alliance: A New Beginning,"Adventure, Horror, War"
Prophecy: A New Beginning,"Biography, Musical, Action"
Return of the Restless Prophecy,"Adventure, Drama, History, Animation, Musical"
Wild Throne,"Romance, Sport, Mystery, Biography, Crime"
The Echo of Silent Horizon,"Action, Musical, Drama"
Beyond the Final Awakening,"Thriller, Sci-Fi, Mystery, Adventure, Action"
Eternal Shadows,"Sport, Horror, Drama, Documentary, Sci-Fi"
Return of the Bold Empire,"Crime, Sci-Fi, Horror, Comedy"
Return of the Lost Prophecy,"Sci-Fi, Documentary, Horror"
Realm and the Dark Fall,"Horror, Western, Drama, Fantasy"
Beyond the Fading River,"Sci-Fi, Drama, Adventure, Comedy, Biography"
The Kingdom of Midnight Heart,"Crime, Family, Action"
Beyond the Quiet Odyssey,"Comedy, History, Romance, Action, Family"
Circle and the Eternal Alliance,"Thriller, Family, Adventure, Comedy"
Bright Rebellion Rising,"Mystery, Horror, History, Adventure"
Quiet Shadows Rising,"Adventure, Mystery, Action"
Beyond the Twisted Realm,"Adventure, Crime, Documentary"
Golden Guardian Rising,"Biography, War, History, Fantasy, Romance"
Golden City,"Documentary, Adventure, Romance, Fantasy"
The Whispering Sky,"War, Horror, Comedy"
Eternal Realm,"Musical, Crime, Family"
Eternal Circle Rising,"Mystery, Adventure, Horror, Crime"
Eternal Heart,"Animation, History, Horror"
Throne and the Secret Warrior,"Documentary, Family, Horror"
The Quiet Shadows,"Comedy, Sport, Thriller"
Return of the Shadow Awakening,"Documentary, Adventure, Horror"
Sky and the Hidden Alliance,"Action, History, Romance, Mystery"
Shadow Storm,"Romance, War, Mystery, Sci-Fi, Adventure"
The Kingdom of Lost Legend,"Mystery, Musical, Sci-Fi, Crime"
Bold Nights,"Horror, Documentary, Action, Western, Drama"
Secret Awakening,"Musical, Mystery, Crime, Romance"
Ancient Star,"Musical, Mystery, Family, Romance, Comedy"
Realm and the Velvet Reckoning,"Mystery, War, Horror"
Sacred Fire Rising,"Sport, Adventure, Sci-Fi"
The Vengeance of Bold Escape,"Crime, Romance, Thriller"
Beyond the Forgotten Shadows,"Mystery, Sport, Western, War"
Return of the Silent Reckoning,"Musical, Sport, Romance, Fantasy"
Kingdom and the Roaring Path,"Western, Drama, War, Documentary"
Broken Odyssey,"War, Sport, Action, Documentary, Biography"
The Mountain of Silver Sky,"Action, Comedy, Family, Crime"
Beyond the Golden Chase,"Documentary, History, Mystery, Comedy, Crime"
The Roaring Legend,"Animation, War, Adventure, Documentary"
Whispering Echo Rising,"Mystery, Fantasy, Crime, Romance, Drama"
River and the Velvet Voyage,"Sci-Fi, Biography, Musical, Documentary"
The Dark Legend,"Biography, Documentary, Drama, Western"
Beyond the Bright Chase,"Comedy, Mystery, War, Documentary"
Scarlet Mountain,"Horror, Sci-Fi, Drama"
The City of Rising Path,"Action, Thriller, Musical, Fantasy, Western"
Distant Awakening Rising,"Comedy, Action, Romance"
Beyond the Radiant Escape,"Crime, Western, Biography, War, History"
Return of the Iron Warrior,"Romance, Western, Animation, Thriller"
The Frozen Alliance,"Documentary, Horror, History"
Return of the Whispering Mountain,"Drama, Adventure, Crime"
Crimson Nights,"Mystery, History, Adventure"
Savage City Rising,"Horror, History, Thriller, Drama, Action"
The Frontier of Roaring Rebellion,"Thriller, Western, Documentary, Fantasy, War"
Eternal Odyssey Rising,"History, Drama, Thriller, Action, Family"
Lost Rise Rising,"Romance, Sci-Fi, Mystery, Action, Comedy"
Beyond the Restless Shadows,"Western, Crime, Biography"
The Silver Guardian,"Family, Animation, Action, Thriller"
Savage Secret Rising,"Mystery, War, Musical"
Ocean and the Endless Escape,"Sport, Comedy, Fantasy"
Warrior and the Iron Mountain,"Thriller, History, Western, Adventure"
Return of the Velvet Secret,"War, Romance, Action, History, Fantasy"
Return of the Twisted Sky,"Thriller, Musical, Horror, Western, Romance"
The Eternal Heart,"Animation, Sport, Western, Musical, Sci-Fi"
Legend and the Eternal Circle,"Sci-Fi, Horror, Adventure"
The Vengeance of Crimson Alliance,"Adventure, Sci-Fi, Animation"
Beyond the Dark Whisper,"Drama, Horror, History"
Ancient Secret Rising,"History, Sport, Animation"
The Warrior of Shadow Chase,"Western, Musical, Crime, Horror"
Rising City,"History, Biography, Documentary"
Beyond the Eternal Escape,"Fantasy, Action, Western"
Twisted Legend Rising,"Biography, Crime, Horror, Thriller, Action"
Forgotten Warrior,"Fantasy, Mystery, Documentary, Comedy"
Beyond the Velvet Journey,"Adventure, Comedy, Thriller, Action"
Eternal Rise,"Horror, Animation, Action"
Frozen Heart,"Horror, Biography, Romance, Sport"
Beyond the Rising Fire,"Action, Drama, Mystery, Biography, Western"
Velvet Mountain Rising,"Animation, Family, Musical"
Eternal Vengeance Rising,"Western, Animation, Thriller"
Beyond the Golden Shadows,"Family, Thriller, War"
Mountain and the Silver Realm,"Drama, Family, War, Biography, Comedy"
Frozen Guardian,"Horror, Comedy, Animation"
The Storm of Eternal Road,"Western, Romance, Fantasy, Action"
Lost Empire,"Family, Crime, Fantasy"
Return of the Final Empire,"Mystery, Thriller, Western, History"
Beyond the Wild Frontier,"Action, Adventure, Musical, Drama, Family"
Prophecy and the Ancient Vengeance,"Adventure, Horror, History"
Return of the Burning Realm,"Family, Western, Drama, Sport"
Beyond the Bright Circle,"Horror, Biography, Adventure, Family, Sci-Fi"
Prophecy and the Velvet Chase,"Adventure, Action, Documentary, Fantasy"
Savage Throne Rising,"Family, Drama, Musical, Animation"
Secret: A New Beginning,"Comedy, Thriller, Drama, Crime, Horror"
The Bright Voyage,"Musical, Sport, Biography, Documentary, Sci-Fi"
The Fearless Throne,"Sport, Family, Crime, Drama"
River and the Final Realm,"Crime, Horror, Thriller, Animation, Musical"
Road: A New Beginning,"Family, Romance, Comedy, Drama, Crime"
Return of the Dark Circle,"Mystery, Animation, Comedy, Thriller"
Beyond the Twisted Reckoning,"Musical, Family, Sci-Fi"
The Shadow Mountain,"War, Sci-Fi, History"
The Reckoning of Distant Voyage,"Mystery, Musical, Sci-Fi"
Return of the Burning Road,"Drama, Fantasy, Mystery"
The Secret Secret,"Musical, Documentary, Adventure, Mystery, Horror"
Return of the Crimson Legacy,"History, Horror, Adventure, Western, Action"
The Hidden Voyage,"Animation, Comedy, Family, Fantasy"
Beyond the Velvet Path,"Romance, Drama, Crime"
Velvet Prophecy Rising,"Fantasy, Drama, Horror"
Ancient Frontier,"Romance, Sci-Fi, Fantasy, Animation, Western"
Twisted Legacy Rising,"Romance, Sci-Fi, History, Family, Thriller"
Secret Secret,"Crime, Musical, Adventure, Sci-Fi"
Quiet Odyssey,"Musical, Drama, Horror, Sci-Fi, Comedy"
Distant Rise Rising,"Action, Adventure, Horror, War"
The Guardian of Shattered Sky,"Crime, Sport, Comedy, Drama"
The Path of Crimson Rise,"Musical, Crime, War, Western, Fantasy"
Return of the Whispering Throne,"Comedy, Musical, Animation"
The Prophecy of Iron Star,"Action, History, Romance"
Bold Fire,"Family, Musical, Sci-Fi"
The Legend of Burning Circle,"Action, Biography, Musical"
Dream and the Quiet River,"Sci-Fi, Thriller, Western"
The Last Legacy,"Documentary, War, Romance"
Velvet Vengeance Rising,"Fantasy, Crime, Family, Mystery"
Vanishing Journey,"Western, Animation, Adventure"
The Wild Whisper,"Animation, Fantasy, History, Adventure"
Vengeance and the Radiant Shadows,"Biography, Musical, Fantasy, Sci-Fi"
Ancient Kingdom,"Animation, Musical, Thriller, Sci-Fi"
The Realm of Frozen Echo,"War, Adventure, Mystery, Fantasy, Sport"
The Reckoning of Eternal Realm,"War, Animation, History"
Realm and the Bold City,"Animation, Comedy, Mystery"
Return of the Whispering Ocean,"Sport, Mystery, Action, Biography, Horror"
Broken Chase Rising,"Sport, Drama, Crime, Fantasy"
The Hidden Vengeance,"Sci-Fi, Action, Crime, Adventure, War"
Iron Warrior Rising,"Thriller, Crime, Adventure, Comedy, Family"
Scarlet Road,"Comedy, Action, Mystery, Horror"
Return of the Quiet Reckoning,"Animation, Drama, Documentary"
Beyond the Shattered Realm,"Sci-Fi, Sport, Musical, Comedy"
City and the Forgotten Path,"Biography, Comedy, Thriller, War, Musical"
Fearless Secret,"Thriller, Romance, Biography, Musical, Documentary"
Beyond the Final Whisper,"War, Sport, Sci-Fi"
The Eternal Vengeance,"Adventure, Comedy, Musical, Thriller"
Return of the Radiant Mountain,"Documentary, Sci-Fi, Drama"
Silent Ocean,"Family, Western, Thriller, Animation, Documentary"
Return of the Hidden Warrior,"Drama, Action, Mystery"
The Rising Odyssey,"History, Mystery, Comedy, Thriller"
Odyssey and the Frozen Legacy,"Horror, Fantasy, War"
Legacy and the Fearless Throne,"Mystery, Thriller, Family"
The Radiant Horizon,"Musical, Documentary, Western, Thriller, Adventure"
Realm and the Scarlet Throne,"Documentary, Western, Romance, Adventure, Action"
Return of the Distant Odyssey,"Animation, War, Musical, Action, Horror"
Return of the Shattered Odyssey,"Biography, Romance, Crime"
The Ocean of Quiet Storm,"Western, Thriller, Romance, Mystery"
Burning Mountain Rising,"Crime, Musical, Drama"
Rebellion and the Wild Kingdom,"Sci-Fi, Fantasy, Biography, Drama, Adventure"
Dream and the Bold Fall,"Drama, History, Adventure, Biography, Documentary"
The River of Silver Ocean,"Thriller, War, Biography, Western, Drama"
The Rebellion of Crimson Dream,"War, Musical, Action"
The Heart of Silver Escape,"Romance, Fantasy, Biography, Musical"
Legend and the Shadow Awakening,"Action, Biography, Comedy"
Radiant Voyage,"Adventure, Family, Documentary, Fantasy"
Silent Heart Rising,"Family, War, Mystery"
Beyond the Restless Alliance,"Comedy, Adventure, History, Crime"
Beyond the Radiant Sky,"History, Sport, Sci-Fi"
The Silver Road,"Adventure, Drama, War"
Return of the Iron Horizon,"Sport, Documentary, History"
Ancient Path,"War, Drama, Fantasy, Musical"
The River of Restless Empire,"Biography, Family, History, Documentary"
The Last Realm,"Biography, Fantasy, Western"
Whisper and the Crimson Dream,"Mystery, War, Western, Adventure, Horror"
Beyond the Silver Dream,"Animation, Sport, Thriller"
The Shadow City,"Animation, Thriller, Sport, Western"
The Frozen City,"Thriller, Documentary, Mystery"
The Horizon of Eternal Echo,"Comedy, Adventure, Musical, Western"
Beyond the Bold Awakening,"Crime, Comedy, Musical, Family, Romance"
Return of the Hidden Ocean,"Thriller, History, Drama, Comedy, Mystery"
Beyond the Shattered Odyssey,"History, Horror, Action"
Return of the Rising Night,"History, Crime, Family"
Midnight Road Rising,"History, Horror, Thriller"
The Road of Hidden City,"Musical, Horror, Adventure, Crime"
The Journey of Twisted Prophecy,"Crime, Fantasy, Musical"
Wild Prophecy Rising,"Romance, Sport, Documentary"
Whisper and the Roaring Dream,"Adventure, Crime, War, Musical"
Fearless Legacy,"Action, Sci-Fi, History"
Return of the Iron Escape,"Biography, Mystery, Fantasy, Animation, Horror"
The Silent Vengeance,"Adventure, Western, Sci-Fi"
The Circle of Dark Secret,"Family, Drama, Fantasy"
Beyond the Sacred Reckoning,"Crime, Documentary, Sci-Fi, War, History"
Dark Frontier,"Drama, Animation, Family, Sport, History"
The Dream of Bold Legend,"War, Action, Romance"
The Sacred Alliance,"Thriller, Romance, Sport, Western, Animation"
The Sacred Realm,"Family, Drama, Sci-Fi"
Velvet Warrior,"Sport, Romance, Biography, Sci-Fi"
Reckoning and the Silent Voyage,"Musical, Sci-Fi, Drama, Biography"
Legend and the Quiet Kingdom,"Romance, Adventure, Sci-Fi, Musical, War"
Silent Guardian Rising,"Sport, Action, Romance"
Twisted Empire Rising,"Musical, Action, Crime, Sci-Fi"
The Radiant Path,"Documentary, War, Drama, Sport, History"
Lost Kingdom,"Comedy, Fantasy, Adventure, War, History"
Return of the Fading Empire,"Adventure, Thriller, Family, History, Drama"
The Bold Path,"Drama, Documentary, Action"
The Road of Savage Escape,"Documentary, War, Horror, Romance"
The Journey of Crimson Secret,"Musical, Biography, Animation, Thriller, Fantasy"
The Secret of Radiant Chase,"Action, Biography, Fantasy, Adventure"
Shattered Fire Rising,"Mystery, Western, War, Crime"
Burning Storm Rising,"Romance, Action, Documentary, History"
Night and the Rising Rebellion,"Family, Mystery, Documentary, Horror, Action"
Silent Empire Rising,"Drama, Fantasy, Thriller, War, Mystery"
The Echo of Secret Mountain,"Action, Horror, Sci-Fi"
Broken Warrior,"Mystery, Thriller, War, Romance"
Silver Ocean Rising,"Comedy, Drama, Fantasy, History"
Fading Sky Rising,"Sport, Mystery, History, Thriller, Fantasy"
Beyond the Velvet Realm,"Documentary, Comedy, Horror, Biography"
Voyage and the Whispering Path,"Western, Documentary, Sport, Sci-Fi, Family"
Guardian and the Secret Secret,"Family, Sport, Horror, Animation"
Return of the Vanishing Shadows,"War, Biography, Animation, Romance"
Fading Awakening Rising,"Animation, Western, Crime, Sci-Fi"
Return of the Dark Alliance,"Biography, History, Comedy, Sci-Fi, Romance"
Eternal Empire,"Mystery, Crime, Documentary, Sport, Sci-Fi"
Return of the Sacred Fire,"Action, Thriller, Sport, Animation"
Beyond the Frozen Guardian,"Mystery, Western, Romance, Biography, War"
Shadows and the Radiant Fire,"Musical, Mystery, War, History"
Beyond the Broken Legend,"Thriller, Action, Western"
Radiant Star Rising,"Family, History, Thriller, Crime, Action"
Rebellion and the Final Awakening,"Thriller, Comedy, Horror, Drama, History"
The Quiet Legacy,"Family, Thriller, Mystery"
Path: A New Beginning,"Animation, Biography, Action"
The Escape of Scarlet Ocean,"Fantasy, History, Musical"
Prophecy and the Dark Warrior,"Thriller, Musical, Western"
The Secret of Velvet Fire,"War, Sci-Fi, Mystery, Action, Fantasy"
Guardian and the Dark Path,"Sport, Western, War, History"
Twisted Guardian Rising,"Horror, Musical, War"
The Secret Ocean,"Thriller, Comedy, Mystery, Western, Musical"
Beyond the Eternal Legend,"Crime, Musical, War, Horror, Sci-Fi"
Bold Prophecy,"Family, Adventure, Action"
Return of the Eternal Warrior,"War, Comedy, Sport, Romance"
Odyssey and the Crimson Ocean,"Action, Drama, Horror"
Return of the Eternal Frontier,"Action, Sci-Fi, Fantasy"
Mountain and the Savage Kingdom,"History, Mystery, War, Adventure, Drama"
The Lost Prophecy,"Romance, Mystery, Comedy, Action"
Forgotten Storm,"Musical, Biography, Drama"
Ancient Echo Rising,"History, Family, Musical"
Forgotten River,"Horror, Action, Family, Crime"
The Midnight River,"Sci-Fi, Animation, Adventure"
Rising Escape,"Drama, History, Horror, Sci-Fi"
Ancient Sky,"Horror, Crime, Western, Comedy"
Broken Rise Rising,"Biography, Romance, Documentary, Action"
The Realm of Endless Fire,"Family, Mystery, Adventure"
The Forgotten Rebellion,"History, Adventure, Romance"
Empire and the Silent Empire,"Adventure, Fantasy, Mystery"
The Mountain of Velvet Echo,"Romance, Biography, Comedy"
Return of the Iron Awakening,"Comedy, Animation, Family, History"
The Awakening of Fading Whisper,"Musical, Fantasy, Western, Action, Family"
Beyond the Whispering Road,"War, Thriller, Family, Western"
Radiant Warrior,"Mystery, Action, Sport"
Beyond the Silver Realm,"Animation, Family, Western, Thriller"
The Last Ocean,"Animation, Biography, Western, Documentary"
The Midnight Reckoning,"Adventure, Animation, Action, Fantasy"
Return of the Bold City,"Sport, Horror, Action, Drama, Comedy"
Ocean: A New Beginning,"Thriller, Biography, History, Family, Documentary"
The River of Scarlet Secret,"Horror, Western, Action"
Dark Escape,"Thriller, Musical, Horror, History, Animation"
The Fire of Quiet Mountain,"Drama, War, Mystery, Horror, History"
The Whispering Fire,"Documentary, Drama, Horror, Comedy"
Return of the Hidden Prophecy,"Crime, Action, Romance"
Storm and the Quiet Journey,"Action, Sport, Adventure, Drama"
Beyond the Sacred Realm,"Musical, Crime, Animation, Sport, Biography"
The Savage Rebellion,"Family, Fantasy, Action, Drama"
Beyond the Sacred Night,"Western, Biography, Musical, Mystery, Action"
Broken Sky Rising,"Crime, War, Romance, Western, Family"
Midnight Chase,"Sport, Biography, Adventure, Fantasy, Western"
Twisted Echo,"Drama, Western, History, Romance"
Return of the Forgotten Road,"Fantasy, History, Western, Comedy, Crime"
Hidden Rebellion,"Drama, Sport, Animation, Fantasy, Crime"
Silver Warrior Rising,"Romance, Drama, Family, Action, War"
Rise and the Frozen City,"Adventure, Crime, Thriller, Biography, Drama"
Return of the Iron Odyssey,"Family, Adventure, Crime, Fantasy"
Return of the Shattered Echo,"Crime, Sport, Adventure"
Chase and the Fearless River,"Mystery, Action, Animation"
The Storm of Savage Odyssey,"Adventure, Drama, Biography"
Velvet Reckoning Rising,"Family, Romance, Adventure, Drama, Sport"
Horizon and the Silver Dream,"Drama, Western, Biography"
Storm and the Sacred Mountain,"Western, Musical, Thriller, Fantasy"
Ancient Empire,"Action, Family, History, Biography"
Path and the Dark Frontier,"Drama, Mystery, Documentary, Horror, Biography"
The Vanishing Awakening,"Fantasy, Sport, Mystery"
The Echo of Wild Kingdom,"Drama, Biography, Thriller"
Bright Ocean Rising,"Thriller, Adventure, Biography"
Return of the Bright Awakening,"Crime, Biography, Animation, Sport"
Return of the Crimson Fall,"Sci-Fi, Documentary, Family, Horror, History"
Road and the Hidden City,"Mystery, Comedy, Sci-Fi, Documentary, Animation"
The Reckoning of Midnight Legacy,"Romance, Comedy, Sci-Fi, Drama, Biography"
Beyond the Distant Empire,"Animation, Crime, Sci-Fi"
The Heart of Silent Storm,"Romance, Family, Drama, History"
The Secret of Velvet Realm,"Biography, Animation, Thriller"
Beyond the Sacred Rise,"Crime, Family, Horror"
Bright Echo Rising,"Fantasy, Sci-Fi, Action, Biography, Documentary"
The Prophecy of Iron Heart,"Animation, Romance, Musical"
Awakening and the Whispering Vengeance,"Thriller, Sci-Fi, Musical, Biography, Romance"
Return of the Hidden Secret,"Comedy, Documentary, Romance"
Burning Circle,"Thriller, History, Western, Action, Musical"
Beyond the Crimson Odyssey,"History, Drama, Family, Action, Mystery"
The Fading Frontier,"Biography, Adventure, War, Horror, Romance"
The Legend of Crimson Whisper,"Adventure, Musical, Western, Family"
The Dream of Radiant Night,"Drama, Thriller, Sport, Western, History"
Return of the Rising Horizon,"Thriller, Biography, Adventure"
Journey and the Quiet Horizon,"War, Crime, Thriller, Animation, Drama"
The Savage Mountain,"Drama, Musical, Western"
Return of the Forgotten Odyssey,"Animation, Musical, Horror, Sci-Fi"
Restless Awakening,"Musical, Action, Animation, Mystery"
Shattered Chase,"Musical, Crime, Adventure, Horror"
Realm and the Vanishing Voyage,"Biography, Family, Fantasy, Drama"
Beyond the Silent Night,"Documentary, Action, Musical, Western"
Return of the Endless Realm,"Documentary, Fantasy, Biography"
The Heart of Eternal Road,"Romance, Musical, Mystery, Western, Drama"
Beyond the Whispering Fire,"Fantasy, Romance, Drama, Documentary, Family"
The Sacred Fire,"Documentary, Mystery, Comedy"
The Midnight Escape,"Romance, Documentary, Crime, Musical, Western"
The Roaring Reckoning,"Sci-Fi, Animation, Documentary"
Distant Night Rising,"Adventure, Action, Documentary"
Rising Chase Rising,"Drama, Musical, Horror, Sci-Fi, Western"
Radiant Secret Rising,"Action, History, Fantasy, Crime, Animation"
Return of the Rising Throne,"Fantasy, Drama, Adventure"
Bright Fall,"Western, Mystery, History, Fantasy, Adventure"
The Escape of Vanishing Road,"Animation, Documentary, War, Drama, Musical"
Fearless Escape,"Horror, Sci-Fi, Fantasy"
Return of the Golden Circle,"Family, Western, History, Biography, Comedy"
The Whisper of Midnight Echo,"Family, Sci-Fi, Mystery, Horror"
The Burning Circle,"Action, Biography, War, Sport, Sci-Fi"
Return of the Forgotten Chase,"Horror, Romance, Adventure"
Beyond the Secret Chase,"Sci-Fi, Fantasy, Documentary"
The Secret River,"Animation, Documentary, Crime"
Vanishing Road,"Thriller, Crime, Adventure, Action, Animation"
Beyond the Velvet Storm,"Documentary, History, Mystery, War, Romance"
Sacred River Rising,"Fantasy, War, Romance, Musical"
Frozen Odyssey Rising,"War, Horror, Sport"
The Twisted Ocean,"Documentary, Mystery, Comedy, Fantasy, History"
Beyond the Crimson Horizon,"Action, Drama, Documentary, Adventure"
The Shadows of Sacred City,"Documentary, Action, Sport, Drama, Crime"
Shattered Warrior,"Horror, Thriller, Crime, Western"
The Journey of Bright Heart,"History, Drama, Action, Adventure, Sport"
Beyond the Endless Storm,"Action, Romance, Documentary"
Return of the Forgotten Prophecy,"Drama, Romance, Documentary"
Return of the Savage Empire,"Comedy, Adventure, Fantasy, Horror"
The Fall of Endless Alliance,"Sci-Fi, Western, Animation"
Return of the Dark Horizon,"Fantasy, Family, War, Western"
Eternal Circle,"Comedy, Crime, Fantasy"
The Alliance of Ancient Realm,"Western, Musical, Crime, Fantasy"
Beyond the Bright Realm,"Family, Comedy, Musical"
Beyond the Iron Star,"Action, Mystery, Documentary, Animation"
Beyond the Fearless Warrior,"Animation, Fantasy, Thriller, War"
The Escape of Secret River,"Adventure, Fantasy, Drama"
The Legacy of Fading Legend,"Drama, Sport, Comedy"
Legacy and the Burning Legend,"Comedy, Romance, Documentary"
The Iron Escape,"Fantasy, Biography, Thriller, Western"
Frozen Journey,"Biography, Horror, Action"
The Shadows of Shadow Prophecy,"Mystery, Family, Adventure"
Bold Odyssey,"Horror, Adventure, Animation, Musical"
Radiant Legacy Rising,"History, Drama, Comedy"
The Lost Voyage,"Animation, Thriller, Family"
Beyond the Shattered Voyage,"Drama, Crime, Musical"
Return of the Burning City,"Comedy, Romance, Mystery, Fantasy, Horror"
Beyond the Shadow Rise,"Fantasy, Crime, Thriller, Animation"
Horizon and the Final Secret,"Comedy, Western, Drama, War, Crime"
The Ocean of Dark Heart,"Animation, Documentary, Comedy, History, Horror"
Odyssey and the Wild Awakening,"Fantasy, Drama, Western, Adventure, Animation"
Return of the Scarlet Escape,"Biography, Crime, Animation, Comedy"
The Chase of Midnight Ocean,"Family, Comedy, Romance, Documentary, War"
Savage Vengeance,"Drama, Comedy, Horror, Documentary"
Ancient Rebellion,"Western, Drama, Sci-Fi, War, Adventure"
Beyond the Frozen Odyssey,"Crime, Sport, Adventure"
Journey and the Rising Legacy,"Musical, Sci-Fi, Sport, Horror, Comedy"
The Heart of Scarlet Shadows,"War, Musical, Biography, Mystery"
Return of the Whispering Journey,"Thriller, Horror, Mystery, Animation"
Beyond the Shattered Empire,"Crime, Documentary, Action"
The City of Quiet Voyage,"Musical, Sci-Fi, Biography"
The Restless Warrior,"Drama, Adventure, Mystery, History, Musical"
Beyond the Burning Rise,"Mystery, Documentary, Action, Animation"
Quiet Vengeance,"Animation, History, Musical, Biography"
Eternal Mountain Rising,"Horror, History, Documentary, Musical"
Hidden Storm,"Musical, Drama, Western, Sport, War"
Beyond the Velvet Kingdom,"Romance, War, History"
Bold Escape Rising,"Romance, Biography, Thriller, Sci-Fi"
Return of the Twisted Escape,"Adventure, Action, Sport, Fantasy"
Shadow Rise Rising,"Sport, Musical, Romance"
Beyond the Scarlet Fire,"Musical, Fantasy, Family, Horror, History"
Shadow Ocean Rising,"Fantasy, Biography, Drama"
The River of Hidden Shadows,"Musical, Action, Fantasy"
The Bright Shadows,"Fantasy, War, Animation"
The Star of Twisted Fire,"Romance, Family, Sci-Fi, Adventure, History"
Frozen Sky,"Drama, Documentary, War, Sport, Biography"
The Road of Whispering Shadows,"Western, Animation, Mystery"
Quiet Sky,"Musical, Family, Crime, War, Horror"
The Horizon of Whispering Circle,"Documentary, Adventure, Drama, Crime, Animation"
Horizon and the Bright Path,"Sci-Fi, Drama, Mystery, Action, Biography"
Beyond the Roaring City,"Mystery, Action, Crime"
The Shadows of Crimson Heart,"Western, Mystery, Comedy, Animation"
Beyond the Endless Vengeance,"Family, Mystery, Sci-Fi, Horror, Sport"
Return of the Scarlet Storm,"Horror, Mystery, Western, Musical"
Rise and the Fading Voyage,"Drama, Family, Musical, Mystery, Animation"
Beyond the Wild Throne,"Biography, Animation, Family, Action, Drama"
The Reckoning of Whispering Alliance,"Comedy, Mystery, Animation"
Frozen Voyage Rising,"Action, Crime, Mystery, War"
Iron Escape,"Mystery, Documentary, Adventure, Western"
Heart and the Golden Dream,"War, Horror, Crime"
Return of the Broken Circle,"Fantasy, Family, Adventure, Biography"
The Radiant Legacy,"Musical, Thriller, Sci-Fi"
Quiet Fall Rising,"War, Western, Drama, Animation"
The Crimson Storm,"Horror, Comedy, Mystery"
Bright Horizon Rising,"Drama, Adventure, Thriller"
Wild Rebellion,"Horror, Fantasy, War, Drama, Sport"
Frozen Throne Rising,"Drama, Biography, Sport, Romance"
Shadows and the Forgotten Chase,"Comedy, Animation, History, Romance, Mystery"
Dark Realm,"Mystery, War, Family"
Whisper and the Frozen Warrior,"Animation, Family, War"
Sacred Reckoning,"Drama, Fantasy, War, Documentary, Biography"
The Fearless Path,"Drama, History, Comedy, Animation"
Return of the Silver Storm,"Musical, Mystery, Thriller, Sport, Family"
The Path of Quiet Path,"Drama, Adventure, Romance, Documentary"
Return of the Secret Empire,"Romance, Family, Sport, History"
Forgotten Heart,"Mystery, Animation, Thriller"
Beyond the Fearless Secret,"Comedy, Horror, Sport, Crime"
Horizon and the Frozen Reckoning,"Action, Horror, Sci-Fi, Comedy"
The Rise of Savage Odyssey,"Action, Western, Romance, Sport, Drama"
The Broken Circle,"Biography, Horror, Fantasy, Drama, Documentary"
Return of the Radiant Awakening,"Sci-Fi, Western, Documentary, Animation, War"
The Savage Secret,"Documentary, Western, Drama, Sci-Fi, Action"
The Star of Frozen Alliance,"Action, Romance, Musical, Animation"
Sacred Sky,"Horror, Sci-Fi, Animation, Crime, Family"
Fading Vengeance,"Drama, Action, Western, Fantasy"
Path and the Frozen Fall,"Horror, Thriller, Western, Sport, Comedy"
Return of the Velvet Dream,"Action, Musical, Animation, Documentary"
The Wild Warrior,"History, Fantasy, Comedy, Sci-Fi, Sport"
Return of the Twisted Mountain,"Crime, Sport, Fantasy, Mystery, Sci-Fi"
The Echo of Shattered Secret,"Comedy, Thriller, War, Horror"
Whisper and the Ancient Vengeance,"Musical, War, Documentary, History"
Echo and the Broken Escape,"Fantasy, Thriller, Romance"
Beyond the Iron Chase,"Family, Action, War"
Beyond the Bold Journey,"Drama, Crime, Documentary, Thriller"
The Realm of Crimson Star,"Fantasy, Thriller, Sport, Action, Western"
The Path of Final Night,"Drama, Western, Action"
Beyond the Restless Guardian,"Family, Western, Horror, Romance"
Beyond the Wild Fall,"Musical, Fantasy, Action"
The Night of Burning Whisper,"History, Mystery, Western, Documentary, Thriller"
Return of the Final Throne,"Sci-Fi, Family, Sport, Drama, War"
Circle and the Eternal Horizon,"Thriller, Adventure, War, Sport, Animation"
The Vengeance of Sacred Horizon,"Animation, Biography, Sport"
Whispering City,"War, Fantasy, Sci-Fi, Thriller"
Return of the Crimson Voyage,"Sport, Family, Comedy, Adventure"
The Burning Star,"Western, Crime, Romance, History"
Whispering Prophecy,"Documentary, Sci-Fi, Drama"
The Dark Awakening,"Action, Horror, Crime, Drama, War"
Return of the Forgotten Fire,"Mystery, Comedy, Action, Drama, Documentary"
The Crimson Horizon,"History, Comedy, Crime, Horror, Western"
Savage Fall Rising,"War, Musical, Family"
Iron Shadows,"Drama, Documentary, Western, Romance"
The Bright Rebellion,"Sci-Fi, Family, Animation, Comedy"
The Empire of Bright Circle,"Biography, Documentary, Thriller"
Legacy and the Wild Rebellion,"Sci-Fi, Mystery, Crime, Adventure"
The Echo of Radiant Journey,"Western, Comedy, Adventure"
Dark Escape Rising,"Fantasy, Sci-Fi, Adventure, Drama"
The Quiet Whisper,"Western, Thriller, Romance, Action"
The Broken Fire,"Action, History, Western, Adventure"
Beyond the Crimson Dream,"Animation, Documentary, Mystery, Crime, Musical"
The Secret Star,"Romance, Musical, History"
Lost Warrior,"Adventure, Crime, Animation, Romance"
Return of the Crimson Rise,"Drama, Comedy, Sport, Sci-Fi, Mystery"
Star and the Savage Secret,"History, Thriller, Romance, Biography"
Return of the Ancient Frontier,"Animation, Musical, Western"
Return of the Hidden River,"Thriller, History, Mystery"
Silver City,"War, Documentary, Drama, Action, Western"
The Sacred Heart,"Comedy, Adventure, Sci-Fi, Family"
Prophecy and the Broken Awakening,"Romance, Mystery, Family"
The Frontier of Lost Secret,"History, Animation, Action"
The Radiant Fall,"Adventure, Drama, History, Family, Thriller"
Beyond the Bold Reckoning,"Sci-Fi, Horror, Family, War, Romance"
The Heart of Sacred Shadows,"History, Thriller, Crime"
Return of the Wild Rise,"Sport, Crime, Sci-Fi, Horror"
Legacy and the Bold Horizon,"Adventure, Animation, Western, Mystery"
The Heart of Wild Realm,"Romance, Horror, Fantasy"
The Awakening of Velvet Voyage,"History, Romance, Adventure"
Return of the Wild Legacy,"Adventure, Romance, Animation, Drama, Comedy"
Beyond the Restless Dream,"Mystery, Crime, Animation"
The Ancient Rise,"Animation, Western, Thriller, Action"
The Kingdom of Endless City,"Action, Drama, Mystery, Crime, Animation"
Beyond the Iron Sky,"Drama, Biography, Adventure, Western, War"
Dream and the Ancient Awakening,"Musical, Animation, Comedy, Sport, History"
Fearless Rise Rising,"Romance, Sport, Fantasy, Documentary"
Ancient Dream Rising,"Biography, Fantasy, Western, Mystery"
The Horizon of Burning Dream,"Sci-Fi, History, Western, Drama"
The Reckoning of Broken Ocean,"Fantasy, Biography, Sport"
Velvet Rise Rising,"Animation, War, Musical"
Chase and the Fading Warrior,"Horror, Sport, Biography, Comedy, Fantasy"
The Velvet Throne,"Crime, War, Horror, Biography"
Journey and the Radiant Path,"Sport, Biography, Musical, Thriller, Crime"
The Chase of Sacred Realm,"Romance, Horror, Thriller, Sci-Fi"
Rising Echo,"Documentary, Adventure, History"
Beyond the Shattered Horizon,"Mystery, Thriller, Musical, War"
Beyond the Crimson Vengeance,"Drama, War, Musical, Western, Sci-Fi"
Crimson Heart,"Romance, Comedy, Crime"
The Rebellion of Sacred Vengeance,"Biography, Comedy, Crime, Adventure, Musical"
Shadow Voyage,"Adventure, Action, Romance, Fantasy, Family"
Realm and the Whispering Warrior,"Comedy, Biography, Mystery"
The Fading Empire,"Mystery, Horror, Adventure, Musical, Sci-Fi"
Fearless Path Rising,"Thriller, Western, Sport"
Night and the Ancient Dream,"War, Crime, Drama"
Scarlet Warrior Rising,"Musical, Romance, Action, Thriller, Sci-Fi"
Beyond the Rising Escape,"Sci-Fi, Crime, Musical, Family"
Guardian and the Fading Journey,"Western, Romance, Crime, Adventure"
Return of the Restless Escape,"History, Mystery, Drama"
The Midnight Shadows,"Comedy, Adventure, Biography, Mystery, Animation"
Beyond the Shattered Ocean,"Romance, Thriller, Horror, Animation, Crime"
The Broken Path,"Western, Adventure, Horror, Thriller"
Return of the Broken Star,"Drama, Family, Sport, Fantasy"
Return of the Hidden Empire,"Musical, Action, Sport, Fantasy, Drama"
Storm and the Shattered Circle,"Family, Thriller, Musical, Comedy"
Return of the Bright Whisper,"Western, Family, Animation"
The Scarlet Star,"Sport, Drama, Thriller, Crime"
The Storm of Vanishing Ocean,"Western, Sport, Romance"
Iron Rise Rising,"Mystery, History, Western, Sport"
Secret Voyage Rising,"History, Comedy, Drama, Musical, Sport"
Burning Fire,"Musical, Western, Horror"
Beyond the Quiet Warrior,"Action, Thriller, Drama, Musical"
Return of the Sacred Path,"Sport, Horror, Fantasy, Thriller"
Beyond the Rising Fall,"Sci-Fi, Western, War, Mystery, Crime"
The Path of Fearless Horizon,"Musical, Horror, Fantasy, Western"
Silent Secret,"Drama, History, War, Crime, Documentary"
The Bold Rise,"History, Romance, Animation, Action"
Chase: A New Beginning,"Thriller, Animation, Family, Sci-Fi, Mystery"
Velvet City,"Horror, Sci-Fi, Drama, Fantasy"
Beyond the Velvet Prophecy,"Documentary, Sci-Fi, Western, Mystery, Horror"
The Forgotten River,"Fantasy, Horror, Western"
The Ancient Empire,"War, Musical, Western, Crime, Thriller"
Beyond the Eternal Night,"Family, Western, Animation, Thriller"
Beyond the Ancient Path,"Horror, Sci-Fi, Fantasy"
Vanishing Reckoning,"Animation, War, Documentary"
Path and the Silver Horizon,"Thriller, Crime, Drama, Animation, Sci-Fi"
Beyond the Silent Rise,"Sci-Fi, Western, Family, Adventure, Documentary"
Return of the Lost Circle,"War, Western, Horror, Sport, Drama"
The Silver Legacy,"Comedy, Musical, Drama"
The Restless Sky,"History, Sci-Fi, Mystery"
The Shadows of Whispering Awakening,"Sci-Fi, Mystery, Biography"
Return of the Vanishing Alliance,"Sport, Comedy, War, Documentary"
Hidden Mountain,"Sport, Action, Horror, Documentary"
Return of the Shattered Warrior,"Thriller, Horror, Sci-Fi, Fantasy"
Return of the Shattered Mountain,"War, Sci-Fi, Comedy, Western, Animation"
The Throne of Midnight City,"Sport, Mystery, Musical, Animation, Thriller"
Roaring River,"Sci-Fi, Adventure, Drama, Biography"
The Warrior of Bold Throne,"Animation, Sport, Family, Adventure"
Final Sky Rising,"Musical, Western, Crime"
Final Mountain Rising,"War, History, Horror"
The Restless Fall,"Musical, Family, Western, Romance, Sci-Fi"
Radiant Odyssey Rising,"Romance, Biography, Drama"
Return of the Shadow Fire,"Crime, Adventure, Comedy"
Return of the Frozen Alliance,"War, Action, Fantasy"
The River of Fading Shadows,"Romance, Fantasy, History, Animation, Action"
Alliance and the Burning Odyssey,"Family, Mystery, Western, Documentary, War"
The Voyage of Endless Reckoning,"Family, History, Comedy, Animation, Western"
Silver Rebellion Rising,"Documentary, Family, Comedy, Romance, Fantasy"
Kingdom and the Shattered Secret,"Comedy, Crime, Family, Horror"
Road and the Golden Mountain,"Family, Biography, Drama"
Alliance and the Hidden Guardian,"Horror, Crime, Fantasy"
Reckoning and the Scarlet Secret,"Sci-Fi, Drama, War, Biography"
Fearless Rebellion Rising,"Horror, Musical, History"
Journey and the Fading Chase,"Drama, Western, War"
Return of the Whispering Chase,"War, Crime, Thriller"
The Eternal Alliance,"Family, Romance, Horror, Comedy, Drama"
The Sky of Quiet Reckoning,"Animation, War, Romance, Biography"
Golden City Rising,"Comedy, Crime, Thriller, Musical, Family"
The Whispering Road,"Mystery, Sport, Sci-Fi"
Return of the Roaring Frontier,"Sport, Western, Mystery, Musical"
Return of the Whispering Heart,"Family, Horror, Thriller, Sci-Fi, Action"
Return of the Sacred Vengeance,"Romance, Action, Crime"
Escape and the Velvet Frontier,"Western, History, Action, Crime"
Ancient Alliance Rising,"Western, Mystery, History, Horror"
Quiet Echo,"Biography, Animation, Thriller"
Return of the Ancient Awakening,"Documentary, Sport, Horror"
The Endless Echo,"History, Fantasy, Family, Drama"
Scarlet River,"Thriller, Horror, Sport, Family, Musical"
Rising Escape Rising,"Drama, Crime, Biography, Family"
Mountain and the Burning Chase,"History, Crime, War"
The Prophecy of Velvet Escape,"Musical, Mystery, Action, Romance"
The Shadows of Iron Escape,"Crime, Romance, Horror"
The Legend of Secret Mountain,"Mystery, Crime, Fantasy, Thriller"
Broken River,"Romance, War, Documentary, Horror"
Dream and the Roaring Ocean,"War, Comedy, Action"
The Distant Path,"Musical, Sci-Fi, History"
Bright Legacy,"Adventure, Thriller, Family, Documentary, Animation"
Final City,"Horror, Animation, Musical"
Frozen Night Rising,"Drama, Crime, Comedy, War"
Road and the Secret Chase,"War, Crime, Documentary, Sci-Fi, Biography"
Endless Secret Rising,"Thriller, Western, War, Documentary, Fantasy"
The Rise of Endless Prophecy,"Romance, Action, Mystery, Thriller"
The Horizon of Wild Legend,"Biography, Documentary, Family, Western, Horror"
Beyond the Silver Prophecy,"Western, Horror, Documentary, Family, Action"
Radiant Star,"Fantasy, Sci-Fi, Drama"
The Scarlet Sky,"Comedy, Sci-Fi, History, Documentary, Adventure"
Path and the Iron Night,"Horror, Romance, Sport, War"
The Rise of Sacred Echo,"Comedy, Mystery, Documentary, Fantasy"
Beyond the Twisted Journey,"Sport, Documentary, Western"
Frontier and the Final Voyage,"Comedy, Mystery, Western, Drama, War"
Fearless Fire,"Mystery, Western, Thriller, Action, Musical"
Restless Fire,"War, Action, Sci-Fi, Musical, History"
Rebellion and the Whispering Odyssey,"Thriller, Documentary, Sci-Fi, Romance, Crime"
Return of the Vanishing Whisper,"Drama, Horror, Western, Action"
Roaring Odyssey Rising,"Comedy, Musical, Thriller"
Restless Rebellion,"Drama, Romance, Mystery"
Return of the Roaring Secret,"Drama, Thriller, Mystery, Fantasy"
Burning Fire Rising,"Documentary, Horror, Crime"
Beyond the Fearless Rise,"Sci-Fi, Western, Thriller"
Frozen Secret Rising,"Crime, War, Thriller, Musical, Family"
Crimson Vengeance Rising,"Mystery, Documentary, Sci-Fi, Thriller, Animation"
The Ancient Reckoning,"History, Mystery, Sport, Biography, War"
Fearless Throne Rising,"Family, Western, Romance, Sci-Fi, Documentary"
The Final Journey,"Animation, War, Thriller, Drama, Western"
The Voyage of Distant City,"Sport, Thriller, Mystery"
Beyond the Hidden Awakening,"History, Sci-Fi, Documentary, Biography, Thriller"
The Crimson Empire,"Mystery, Horror, Crime, War"
Legend: A New Beginning,"Sci-Fi, Documentary, Action, Fantasy, Drama"
Beyond the Lost Whisper,"Musical, Adventure, Biography, Crime, Western"
Return of the Iron Rebellion,"Comedy, History, Drama, Horror, Documentary"
Dark Mountain Rising,"Biography, Musical, Action, Family"
The Forgotten Voyage,"Romance, Sport, Crime, War"
Broken Frontier,"Animation, Comedy, Crime, History, Romance"
Return of the Forgotten River,"War, Drama, Family"
The Restless River,"War, Family, Mystery, History"
The Last Dream,"Sport, Biography, Drama, Horror, Mystery"
Quiet Rise,"Mystery, Documentary, Comedy, Biography"
Fearless Road Rising,"Action, Documentary, Family, Musical"
Fading Secret,"Family, Western, Action, Sci-Fi, Crime"
The Frozen Night,"Fantasy, Biography, Documentary"
The Kingdom of Lost Rise,"Thriller, Animation, Musical"
The Mountain of Whispering Path,"Horror, Animation, Drama"
The Realm of Rising Secret,"Animation, Sci-Fi, Crime, Action"
The Kingdom of Bright Prophecy,"Biography, Horror, Sport, Drama, Action"
Forgotten Shadows Rising,"Western, War, Musical"
Beyond the Restless Warrior,"Western, Sci-Fi, Fantasy, Crime"
Beyond the Silver Fall,"Sport, Mystery, Fantasy, Romance"
Beyond the Crimson City,"Drama, Family, Thriller, Documentary, Romance"
Path and the Velvet Circle,"Fantasy, Crime, Musical, Animation"
The Kingdom of Midnight Sky,"Mystery, Horror, Action"
The Night of Burning Guardian,"Action, Sport, Western, History"
Shattered Sky Rising,"Mystery, War, Sci-Fi, Sport"
Sacred Whisper,"Sci-Fi, Crime, Western"
Beyond the Bold Storm,"Comedy, Animation, Musical, Action"
Beyond the Crimson Storm,"Drama, History, Thriller"
The Secret of Restless Reckoning,"Comedy, Biography, Horror, Family, Mystery"
The Legacy of Shattered Alliance,"Documentary, Fantasy, Biography, History, Adventure"
Beyond the Silver Frontier,"Animation, Horror, Drama"
The City of Bright Fall,"Mystery, Sci-Fi, Adventure, Family"
Return of the Midnight Path,"Crime, Fantasy, Thriller, Action"
Wild Echo,"Documentary, Comedy, Adventure, Musical, Fantasy"
The Ocean of Secret Guardian,"Musical, Family, Mystery"
The Dream of Velvet City,"War, Fantasy, Sci-Fi"
Silent Sky Rising,"Biography, Drama, Western, Romance"
Dream and the Twisted Fall,"Fantasy, Comedy, Crime, Sci-Fi"
The Midnight Road,"Musical, Sport, Horror, Western"
Return of the Forgotten Path,"Documentary, Animation, Romance, Western, Musical"
Return of the Wild Sky,"Sci-Fi, Animation, Comedy, Action"
Quiet Night,"Sport, Musical, Sci-Fi"
Velvet Storm,"Romance, Animation, Musical"
The Last River,"Crime, Drama, Thriller"
Savage Night Rising,"Crime, War, Sci-Fi"
The Echo of Vanishing Voyage,"Family, Animation, Horror, Western, Comedy"
Twisted Storm Rising,"Crime, Western, Horror, Family"
Ocean and the Silver Voyage,"Drama, Mystery, Thriller"
Beyond the Vanishing Chase,"Family, Comedy, Mystery"
Hidden Rise,"Crime, History, Animation"
Night and the Golden City,"Sci-Fi, Action, Western, Romance, Biography"
The Endless Night,"War, Musical, History, Mystery"
Beyond the Savage Empire,"Romance, History, Fantasy, Drama, Western"
Beyond the Ancient Storm,"History, Romance, War, Sci-Fi, Adventure"
Realm and the Restless Reckoning,"Horror, Action, History"
Journey and the Vanishing Odyssey,"Fantasy, Comedy, Animation, Sport, Sci-Fi"
The River of Restless Secret,"Thriller, Crime, Romance, Biography, Musical"
The Throne of Ancient Horizon,"Adventure, Animation, Drama, Comedy, Biography"
Beyond the Distant Ocean,"Horror, Documentary, Action, Western, Drama"
Hidden Storm Rising,"Family, Musical, Documentary, Western, Fantasy"
Whispering Storm Rising,"Musical, Sci-Fi, Western"
Whispering Road,"Animation, Comedy, Crime"
Path and the Final Legacy,"Adventure, History, Documentary, Animation, Drama"
The Path of Silent Horizon,"Family, Thriller, Action, Animation"
Whispering Fire,"Mystery, Animation, Drama, Fantasy, Sport"
The Legacy of Golden Frontier,"Thriller, Documentary, Drama"
Whispering Throne Rising,"Western, Mystery, Fantasy"
Echo and the Eternal Rebellion,"Animation, Fantasy, Romance"
Guardian and the Shattered Alliance,"Western, Sport, Drama"
Beyond the Hidden Voyage,"History, Biography, Family, Mystery, Thriller"
Crimson Awakening Rising,"Musical, Family, Documentary, Sport, Comedy"
Realm and the Broken Voyage,"Western, Family, Thriller, Documentary, History"
The Shadow Kingdom,"Sport, Documentary, History, Horror"
Lost Frontier Rising,"Family, Mystery, Animation, Adventure"
Golden River Rising,"Romance, Crime, Comedy"
Endless Horizon,"Family, Romance, Animation"
Return of the Rising Heart,"Musical, Family, Sci-Fi, Mystery"
Rise and the Wild Sky,"Family, Adventure, War, Fantasy, Romance"
Eternal Dream,"Horror, History, Crime"
The Guardian of Endless Frontier,"Thriller, Sport, Sci-Fi, Drama"
Scarlet Fire,"Mystery, Fantasy, Biography, Adventure"
Storm and the Fearless Star,"Family, Horror, Comedy"
Secret Reckoning,"Fantasy, War, Adventure, Biography, Mystery"
The Road of Whispering Alliance,"Mystery, Adventure, Family, History"
The Whisper of Dark Star,"Mystery, Crime, War"
The Restless Empire,"Thriller, History, Horror, Fantasy, Crime"
The Eternal Empire,"Action, Horror, Crime, Animation, Adventure"
The Star of Silent Prophecy,"Sport, Adventure, Family"
Beyond the Dark Legacy,"Family, Thriller, Documentary, War, Romance"
Alliance and the Wild Odyssey,"War, History, Animation"
Return of the Burning Legend,"Fantasy, Adventure, War, Musical"
Beyond the Forgotten Guardian,"Mystery, Family, Musical, History"
Awakening and the Restless Vengeance,"Crime, Documentary, Family, Fantasy"
Beyond the Rising Night,"Mystery, Animation, War, Musical, Sport"
Return of the Rising Guardian,"History, War, Thriller"
Vanishing Ocean Rising,"Horror, War, Action, Mystery"
The Circle of Shattered City,"Crime, War, Romance, Fantasy"
Fall and the Ancient Sky,"Drama, Comedy, Sport"
The Silent Journey,"Animation, Mystery, Fantasy, Sport"
Return of the Dark Legend,"Western, Crime, Horror, Thriller"
Return of the Final Echo,"Musical, Drama, History"
Night and the Sacred City,"Drama, Adventure, Fantasy, Family"
Odyssey and the Midnight Legacy,"Animation, War, Horror, Sport, Action"
Alliance and the Iron Shadows,"Comedy, Horror, Fantasy, Thriller"
Endless Shadows Rising,"Action, Sport, Musical, Horror"
Wild Fire Rising,"Action, Western, Crime, Horror, Adventure"
Golden Heart Rising,"History, Adventure, Fantasy, Action"
Prophecy and the Midnight Heart,"Family, Crime, Animation, Biography, Musical"
Restless Shadows,"Action, Fantasy, Drama"
The Night of Hidden Empire,"Action, Crime, Comedy"
The Sky of Bold Sky,"Drama, Documentary, Adventure, Fantasy"
The Fading Star,"Comedy, Family, Crime, Biography, Mystery"
Realm and the Shattered Odyssey,"Sport, Adventure, War, Horror"
Beyond the Silent Shadows,"Fantasy, History, Mystery, Drama"
Shattered Mountain,"Family, Sport, Thriller"
The Wild Chase,"Comedy, Western, Animation"
The Fading Shadows,"Comedy, Crime, Animation, Documentary, Sci-Fi"
Restless Alliance Rising,"Thriller, Western, Crime, Mystery"
Awakening and the Bold City,"Family, Musical, Action, Fantasy, Crime"
The Rebellion of Shattered Legacy,"Family, Horror, Thriller, Sci-Fi"
Dark Voyage,"Fantasy, Romance, Biography, Western"
The Sky of Twisted Fall,"Documentary, Drama, Fantasy, Biography"
Return of the Radiant Legend,"Western, Comedy, Action, War, Animation"
Fearless Heart Rising,"Crime, Mystery, Fantasy, Documentary, Romance"
Voyage and the Broken Storm,"Fantasy, Crime, Comedy, Biography"
Rise and the Bold Empire,"Family, Mystery, Sci-Fi, Fantasy"
Lost Odyssey Rising,"Action, Crime, Animation, Western, Fantasy"
Return of the Ancient Realm,"Mystery, Documentary, Drama, Thriller, Adventure"
Echo and the Midnight Rise,"Crime, Drama, Sci-Fi, War"
Return of the Shattered Rise,"Sport, Fantasy, Crime"
The Eternal Journey,"Animation, Fantasy, Crime, Family"
Beyond the Broken Sky,"Horror, Crime, Adventure, Thriller"
Iron Circle Rising,"Fantasy, Western, Comedy"
Crimson City,"Romance, Comedy, Animation"
Radiant Shadows Rising,"Western, Family, History"
The Shadow Escape,"Comedy, Mystery, War, Horror, Drama"
Return of the Forgotten Night,"Adventure, Romance, Western"
The Golden Star,"Biography, Crime, Sport"
Escape and the Broken Empire,"Mystery, Sport, Adventure"
Hidden Throne Rising,"Family, Mystery, Fantasy"
Beyond the Silent Sky,"Animation, Biography, Family, Horror, Mystery"
Return of the Scarlet Dream,"War, Biography, Family"
Rising Fire,"Mystery, Sport, Thriller, Animation, War"
The Forgotten Circle,"Action, Thriller, Documentary, Mystery, Horror"
Rising Realm Rising,"Family, Horror, Western, History"
Beyond the Endless Night,"Action, Documentary, Adventure"
The Sacred Horizon,"Sport, Horror, Drama, Adventure"
Rising Fire Rising,"Sci-Fi, Musical, Action"
Return of the Golden Dream,"War, Mystery, Drama, Action"
Horizon and the Whispering Shadows,"Romance, War, History, Sci-Fi, Biography"
The Iron Odyssey,"Comedy, Family, Sport"
The Golden Realm,"Horror, Action, Adventure, Comedy"
Return of the Endless Odyssey,"Sci-Fi, Mystery, Romance"
Kingdom and the Silent Reckoning,"Western, Romance, Adventure, Thriller, Animation"
Silver Vengeance,"Animation, Documentary, History"
Beyond the Frozen Voyage,"Sport, Family, Animation"
Chase and the Savage Realm,"History, Musical, Animation, Sport, Comedy"
Frontier and the Restless Kingdom,"Biography, Fantasy, Crime, Horror"
Beyond the Final Circle,"Horror, Romance, Crime, Western, Drama"
Forgotten Sky,"Mystery, Action, Biography, Drama, Western"
The Secret of Secret Guardian,"Mystery, History, Drama, Documentary"
The Broken Legacy,"Horror, Comedy, Sport"
Return of the Restless Dream,"Family, Action, Thriller, Crime, Documentary"
Rising Secret Rising,"Western, Sport, Adventure, Documentary, History"
Alliance and the Ancient Road,"Western, Family, History, Drama, Musical"
Beyond the Hidden Shadows,"War, Family, Crime"
Beyond the Restless River,"Fantasy, Sport, Action"
Beyond the Restless Empire,"Sci-Fi, Sport, Family, Adventure"
The Chase of Burning Kingdom,"Documentary, Crime, Musical, Drama"
The Fire of Fearless Realm,"Action, Family, Horror"
Final Ocean,"Documentary, Sport, Action, War, Western"
Fading Legacy Rising,"History, Drama, Musical, Western, Adventure"
Return of the Fading Echo,"Comedy, Sci-Fi, Animation"
Whisper and the Scarlet Warrior,"Action, Horror, Comedy"
Vanishing Road Rising,"Horror, Sport, Musical, Drama, Adventure"
The Eternal Path,"Action, Thriller, Fantasy, Crime, Romance"
Fire and the Rising Odyssey,"Mystery, Drama, Horror, Family"
Beyond the Bright Empire,"Fantasy, Comedy, Western, Biography, Sport"
Forgotten Road Rising,"Adventure, Crime, Family, Action"
The Rise of Shadow Chase,"Comedy, Musical, Action, Sport"
Vanishing Shadows,"Sci-Fi, Family, Documentary, War"
Twisted Frontier Rising,"Biography, Western, Family, Fantasy"
Shadows and the Radiant Rebellion,"Biography, Comedy, Sci-Fi, History, Documentary"
Return of the Roaring Star,"Sport, Mystery, Animation"
Return of the Shattered Rebellion,"Sci-Fi, Musical, Mystery, Fantasy"
Return of the Shattered Legend,"Mystery, War, Biography, Horror"
Endless Sky,"Crime, Horror, Western, Animation, Romance"
Beyond the Radiant City,"Sci-Fi, Drama, Family"
Beyond the Scarlet Horizon,"Western, War, History, Sci-Fi"
Beyond the Iron Escape,"Musical, Western, Drama"
Prophecy and the Fading Dream,"Horror, Drama, Animation"
The Golden Empire,"History, Sci-Fi, Fantasy, Drama, Musical"
Radiant Fall,"Romance, Documentary, Sport, Sci-Fi"
Beyond the Savage Night,"Sport, Crime, Romance, Horror, Family"
Iron Fall,"Drama, Romance, Musical"
Return of the Fading Throne,"Romance, Drama, Comedy"
The Rise of Midnight Ocean,"Mystery, Documentary, Crime, Animation"
Restless Legacy,"Animation, Family, Action, Western"
Return of the Savage Star,"Western, Horror, Sport, Romance"
The Midnight Legend,"Horror, Comedy, History"
The Wild Shadows,"Fantasy, Thriller, Documentary, Musical"
Return of the Whispering Star,"Biography, Comedy, Romance"
Lost Circle,"Western, Musical, Horror, Romance, Action"
The Dream of Bold Echo,"Horror, Fantasy, History, Documentary"
Voyage: A New Beginning,"Action, Biography, Sport, Adventure, Family"
The Journey of Fearless City,"Romance, Animation, Sci-Fi"
Vengeance and the Secret Dream,"Romance, Horror, Adventure, Comedy, Family"
The Chase of Bold Path,"Family, History, Sport, Documentary"
Beyond the Bold Path,"Family, Sci-Fi, Biography, Musical, Horror"
Silver Secret,"Family, Documentary, Thriller, Animation"
The Ancient Realm,"Musical, Fantasy, War"
The Star of Restless Road,"Family, War, Sport, Animation"
Lost Alliance Rising,"Musical, Comedy, Thriller, Animation, Western"
The Fearless Empire,"Thriller, Biography, Horror"
The Final City,"Action, Biography, Mystery"
Beyond the Silver Legacy,"Documentary, War, Animation, Crime"
Return of the Silver Journey,"War, Western, Musical"
Beyond the Golden Echo,"Fantasy, Family, Crime"
City and the Sacred Fire,"Documentary, Family, Sci-Fi"
The Crimson Fire,"Musical, Fantasy, Documentary"
Burning Kingdom,"Romance, War, Horror"
Shadows and the Eternal Rebellion,"Animation, Western, Sci-Fi, Crime, Biography"
Beyond the Frozen Throne,"Romance, Documentary, Action, Musical, Western"
Return of the Radiant Whisper,"Family, Adventure, Thriller, Sci-Fi, Drama"
The Star of Forgotten Night,"Fantasy, Drama, History, Biography"
Distant Guardian Rising,"Thriller, Comedy, Romance, Horror"
Rebellion and the Broken Dream,"Romance, Western, Sport, Family"
Return of the Secret Fall,"Documentary, Crime, Family"
Final Shadows,"History, Musical, Western"
The Warrior of Endless Legend,"Animation, Sport, Comedy, Adventure, Horror"
Return of the Radiant Storm,"Adventure, Action, Mystery"
The Realm of Final Heart,"Thriller, Biography, Comedy, Documentary, Fantasy"
Bold Rise,"Biography, Drama, Western, Romance, Thriller"
Whisper and the Savage Chase,"Family, Musical, Romance, Thriller, Crime"
The Hidden Journey,"Drama, War, Fantasy"
The Chase of Radiant Voyage,"Romance, Western, Musical, History, Drama"
Beyond the Velvet Secret,"Adventure, Animation, Horror, Family, Mystery"
Dark Journey Rising,"Horror, Western, War, Family"
Restless Warrior Rising,"Crime, Sport, Horror, Action, History"
Return of the Distant Shadows,"Adventure, Fantasy, Romance"
Beyond the Quiet Heart,"Adventure, Action, Animation, Crime"
Fire and the Roaring City,"Biography, Sci-Fi, Documentary, Family"
Beyond the Velvet Fall,"Adventure, War, History, Thriller, Sport"
The Endless Rebellion,"Comedy, Western, Musical, War, Romance"
Velvet Star Rising,"Adventure, Romance, Sci-Fi, Family"
Return of the Silent Path,"War, Romance, Family"
The Fading Journey,"History, Musical, Action, Biography, Thriller"
Return of the Burning Chase,"Musical, Mystery, Horror"
Final Chase Rising,"History, Comedy, Sport, Fantasy, Drama"
The Secret Empire,"War, Crime, Drama"
Beyond the Bright Vengeance,"Documentary, Sci-Fi, Comedy, Animation"
Savage Mountain,"Sci-Fi, Action, Comedy, History, Horror"
The Ocean of Shadow Frontier,"Western, Animation, Action"
Midnight Reckoning Rising,"Mystery, Horror, Documentary, Western"
Voyage and the Midnight Fire,"Adventure, War, Mystery"
The Iron Alliance,"Crime, Musical, Action, Documentary, War"
Crimson Storm,"Sport, Fantasy, Western"
Echo and the Vanishing Dream,"Adventure, Crime, Romance, Thriller, Musical"
Return of the Golden Storm,"Fantasy, Sci-Fi, Family, Documentary, Sport"
Distant Empire Rising,"Western, Thriller, Sport"
The Warrior of Shadow Rise,"Drama, Animation, Documentary, History, Sci-Fi"
Return of the Twisted Echo,"History, Sport, Documentary, Thriller, Biography"
Scarlet Kingdom,"Crime, Sci-Fi, Adventure"
The Storm of Velvet Horizon,"Western, Adventure, Documentary"
Scarlet Frontier Rising,"Sport, History, Romance"
Radiant Ocean,"Drama, Action, Western, Mystery, Fantasy"
The Night of Distant Horizon,"Biography, Sci-Fi, Mystery, Western, Romance"
The Fading River,"Thriller, Animation, Fantasy, Family, Musical"
Distant Road,"Family, Sport, Mystery"
Return of the Crimson Circle,"Romance, Fantasy, Adventure"
The Heart of Eternal Circle,"Mystery, Drama, Action"
The Dream of Silver Voyage,"Family, Biography, Sci-Fi, War"
Journey and the Burning Vengeance,"Thriller, Mystery, Musical, Drama, Documentary"
The Heart of Whispering Reckoning,"Western, Biography, Comedy"
Heart and the Shattered Prophecy,"Horror, Western, Romance, War"
The Night of Quiet Prophecy,"History, Biography, Fantasy"
Sacred Legend,"Drama, Sci-Fi, Biography, Thriller, Family"
The Dark Circle,"Sci-Fi, Romance, History, Biography"
The Path of Silent City,"Crime, History, Musical"
The Secret of Fading Road,"Sci-Fi, Sport, Mystery, Family, Animation"
Midnight Odyssey,"Adventure, Crime, Animation, Western"
Vanishing Awakening,"Mystery, Documentary, Animation, Drama, Adventure"
Return of the Silent Throne,"Sport, War, Mystery, Comedy"
Secret Fall Rising,"Documentary, History, Romance, Adventure"
Frontier and the Sacred Horizon,"Mystery, Musical, Crime, Drama"
Roaring Throne,"Action, Musical, Animation, History"
Ocean and the Vanishing Storm,"Sport, Action, Sci-Fi, Mystery, Horror"
The Kingdom of Whispering Fire,"Mystery, Fantasy, Thriller"
Awakening and the Lost Fall,"Adventure, Drama, Mystery"
Twisted Reckoning Rising,"Western, Family, Action"
The Kingdom of Bright Mountain,"Musical, Drama, Comedy, Horror, Mystery"
Frozen Escape,"Horror, Sci-Fi, Biography"
Beyond the Shadow Throne,"Horror, History, Mystery, War"
